domain,n_total,n_train,n_val,n_test,n_normal,n_abnormal,abnormal_rate,kaggle_dir,meta_country,meta_city,meta_population,meta_finding,meta_source,meta_view,meta_state
kermany_peds,5840,3796,876,1168,1575,4265,0.7303082191780822,datasets,China,Guangzhou,paediatric,pneumonia,Kermany 2018,,
covid_viral,4731,3075,710,946,3386,1345,0.2842950750369901,datasets,Qatar/Bangladesh,,adult,viral pneumonia,COVID-19 Radiography DB,,
covid_opacity,9393,6106,1409,1878,3381,6012,0.640051101884382,datasets,Qatar/Bangladesh,,adult,lung opacity,COVID-19 Radiography DB,,
covid_covid,7041,4577,1056,1408,3425,3616,0.5135634142877432,datasets,Qatar/Bangladesh,,adult,covid-19,COVID-19 Radiography DB,,
tb_qatar,4200,2730,630,840,3500,700,0.16666666666666666,datasets,Qatar/Bangladesh,,adult,tuberculosis,TB Chest Radiography DB,,
shenzhen,662,431,99,132,326,336,0.5075528700906344,datasets,China,Shenzhen,adult,tuberculosis,NLM TB set,,
nih_pa,3393,2206,509,678,1987,1406,0.4143825523135868,datasets,USA,,adult,any of 14,NIH ChestX-ray14,PA,
nih_ap,2213,1439,332,442,1057,1156,0.5223678264798916,datasets,USA,,adult,any of 14,NIH ChestX-ray14,AP,
indiana,3818,2481,573,764,1478,2340,0.6128863279203771,datasets,USA,,adult,any,Open-i / Indiana,,Indiana
