source,target,fsa_pa_similarity,fsa_grassmann,fsa_chordal,fsa_sa_error,fsa_sa_frob,fsa_angle_min,fsa_angle_mean,fsa_angle_max,fsa_n_aligned_dirs,fsa_rank,fsa_random_baseline,fsa_excess_over_random,gsa_ent_pa_similarity,gsa_ent_grassmann,gsa_ent_chordal,gsa_ent_sa_error,gsa_ent_sa_frob,gsa_ent_angle_min,gsa_ent_angle_mean,gsa_ent_angle_max,gsa_ent_n_aligned_dirs,gsa_ent_random_baseline,gsa_ent_excess_over_random,gsa_pse_pa_similarity,gsa_pse_grassmann,gsa_pse_chordal,gsa_pse_sa_error,gsa_pse_sa_frob,gsa_pse_angle_min,gsa_pse_angle_mean,gsa_pse_angle_max,gsa_pse_n_aligned_dirs,gsa_pse_random_baseline,gsa_pse_excess_over_random,gsa_ora_pa_similarity,gsa_ora_grassmann,gsa_ora_chordal,gsa_ora_sa_error,gsa_ora_sa_frob,gsa_ora_angle_min,gsa_ora_angle_mean,gsa_ora_angle_max,gsa_ora_n_aligned_dirs,gsa_ora_random_baseline,gsa_ora_excess_over_random,subspace_failed
kermany_peds,kermany_peds,0.9999999999999994,1.3328003749250113e-07,1.3328003749250113e-07,6.196494188928965e-15,0.9999999999999998,0.0,1.908596291208712e-08,4.712160915387242e-08,32.0,32.0,0.0625,0.9374999999999994,0.778501860378304,3.2206645880007314,2.6623186262906757,2.6623186262906793,0.7785018603783035,0.03358069990249552,0.4327686195679403,1.4734917723397176,26.0,0.006944444444444444,0.7715574159338596,0.9999999999999996,1.255594160136038e-07,1.1920928955078125e-07,7.963709698585237e-15,0.9999999999999998,0.0,1.554675389683495e-08,4.712160915387242e-08,32.0,0.006944444444444444,0.9930555555555551,0.9999999999999996,1.255594160136038e-07,1.1920928955078125e-07,7.963709698585237e-15,0.9999999999999998,0.0,1.554675389683495e-08,4.712160915387242e-08,32.0,0.006944444444444444,0.9930555555555551,0
kermany_peds,covid_viral,0.6521128123002278,4.210701060935953,3.3365236409162025,3.3365236409162025,0.6521128123002278,0.010653471333152377,0.5891870558928861,1.520390449476292,22.0,32.0,0.0625,0.5896128123002278,0.37457310381063347,5.8343891005080994,4.473663004525456,4.473663004525456,0.37457310381063336,0.23529125516948052,0.9573870424054475,1.559692203679575,12.0,0.006944444444444444,0.36762865936618905,0.34663586645354705,5.985942137612375,4.572488630219489,4.572488630219489,0.34663586645354705,0.2742763448503975,0.9907579538284625,1.5693421924823645,10.0,0.006944444444444444,0.33969142200910263,0.3610846533372039,5.835852538341251,4.521646944776812,4.521646944776812,0.36108465333720396,0.3141895163262942,0.9706463735456201,1.5549775673516608,11.0,0.006944444444444444,0.3541402088927595,0
kermany_peds,covid_opacity,0.6234036986052582,4.290167553452077,3.4714667857595494,3.471466785759549,0.6234036986052583,0.036890108095141365,0.6440228890528307,1.4988567213056245,22.0,32.0,0.0625,0.5609036986052582,0.39618348561710487,5.610101211146931,4.395694309236329,4.39569430923633,0.3961834856171048,0.2958506818065917,0.9260017832699614,1.5387856886111235,13.0,0.006944444444444444,0.38923904117266045,0.34154878618409745,5.968117471010357,4.590254768758362,4.590254768758362,0.3415487861840974,0.3178130973677679,0.9944328454469602,1.5581725249554317,10.0,0.006944444444444444,0.33460434173965303,0.36942819049110504,5.812697187038932,4.49202603557511,4.492026035575111,0.3694281904911049,0.29040086337846743,0.9611726196791108,1.5628984120636278,11.0,0.006944444444444444,0.3624837460466606,0
kermany_peds,covid_covid,0.5950831181823917,4.519948992366318,3.5996305669003683,3.5996305669003696,0.5950831181823916,0.032467502542858,0.6787627086902622,1.5651333907379326,20.0,32.0,0.0625,0.5325831181823917,0.3789468758531462,5.753477306152192,4.4579928188254545,4.457992818825454,0.3789468758531461,0.2914179445530616,0.9503344381111443,1.5572012091453789,12.0,0.006944444444444444,0.37200243140870176,0.35031507179255117,5.9191981898231525,4.559596221447505,4.559596221447505,0.3503150717925513,0.32267608248365,0.984423527613849,1.5334446000112063,11.0,0.006944444444444444,0.34337062734810675,0.3656115007131541,5.8656260342103215,4.505600068490219,4.505600068490219,0.3656115007131541,0.3056884210499348,0.9691126254533344,1.5645989086393992,11.0,0.006944444444444444,0.3586670562687097,0
kermany_peds,tb_qatar,0.5009668020100494,5.126615014819886,3.9961309207380107,3.99613092073801,0.5009668020100497,0.06149476437501502,0.7948674624731,1.5588794243341726,16.0,32.0,0.0625,0.4384668020100494,0.3603158080817827,5.893238559598166,4.5243667116385415,4.524366711638542,0.3603158080817827,0.3072028682406265,0.9747494084709317,1.5696583330579887,11.0,0.006944444444444444,0.3533713636373383,0.35266426888675373,5.941666487472492,4.551345229228813,4.551345229228812,0.3526642688867538,0.3001455009325968,0.9842335845501009,1.5548972994963455,11.0,0.006944444444444444,0.3457198244423093,0.3500280324795756,5.9285657911328595,4.560603354892155,4.560603354892155,0.35002803247957565,0.31726833307615837,0.9854584247290971,1.5686871798151976,10.0,0.006944444444444444,0.34308358803513117,0
kermany_peds,shenzhen,0.40997035864476067,5.688822607342874,4.3452213434263225,4.3452213434263225,0.40997035864476083,0.06158012500963108,0.9035907511406092,1.5575347742941363,13.0,32.0,0.0625,0.34747035864476067,0.3172124209535351,6.142297772976973,4.674313054287964,4.674313054287964,0.317212420953535,0.3299454315630633,1.0265273038098408,1.5556705026918487,9.0,0.006944444444444444,0.31026797650909066,0.2965706464641038,6.2327614858407,4.744442992928535,4.744442992928535,0.296570646464104,0.3482512837029101,1.0488507077189722,1.5613568559344044,8.0,0.006944444444444444,0.2896262020196594,0.33600376740513116,6.056320942087006,4.609542216211476,4.609542216211476,0.3360037674051313,0.3241212070277846,1.006200924075406,1.5654011559350698,10.0,0.006944444444444444,0.32905932296068674,0
kermany_peds,nih_pa,0.4882288883445239,5.164952081949855,4.046810543251961,4.046810543251961,0.4882288883445237,0.06257780709062524,0.8084581972078144,1.5381716003168193,15.0,32.0,0.0625,0.4257288883445239,0.3574902579350239,5.905195531185959,4.534347995696761,4.53434799569676,0.35749025793502404,0.31445250907154726,0.9780980738937073,1.5663603405243562,11.0,0.006944444444444444,0.3505458134905795,0.3459763700200175,5.965348650353771,4.574795750561924,4.574795750561925,0.34597637002001747,0.3217392085964668,0.9910877118338274,1.5619811017031242,11.0,0.006944444444444444,0.3390319255755731,0.3597820911101649,5.900178276755867,4.52625375829446,4.52625375829446,0.3597820911101648,0.28553974976724195,0.9745778194951619,1.558071949230111,11.0,0.006944444444444444,0.3528376466657205,0
kermany_peds,nih_ap,0.5714992792253608,4.566652712297073,3.702974893891188,3.7029748938911906,0.5714992792253606,0.08689525761061974,0.708267968323076,1.5438594888926886,20.0,32.0,0.0625,0.5089992792253608,0.37662291050519103,5.779038099620043,4.466325879717454,4.466325879717451,0.3766229105051911,0.3187877080228081,0.9544119188118056,1.549739828736981,12.0,0.006944444444444444,0.3696784660607466,0.34065633674067264,5.973073369783841,4.593364477624052,4.593364477624052,0.3406563367406727,0.33391496922165276,0.9955118022402867,1.549447563328051,10.0,0.006944444444444444,0.3337118922962282,0.3381006105292143,5.971273833560298,4.602258191699499,4.602258191699495,0.3381006105292145,0.30104895372931273,0.9968602009410169,1.5658524881148304,10.0,0.006944444444444444,0.3311561660847699,0
kermany_peds,indiana,0.49417178302863485,5.159714762318668,4.023245324745147,4.023245324745148,0.4941717830286348,0.0583950306211466,0.8030716819854067,1.5650696796784067,17.0,32.0,0.0625,0.43167178302863485,0.3593793773193447,5.859994857571541,4.527677100432513,4.5276771004325145,0.3593793773193446,0.3136756970383201,0.9729356975726091,1.5655730541391073,10.0,0.006944444444444444,0.3524349328749003,0.34338745343419164,5.933873800769428,4.583841346524317,4.583841346524317,0.34338745343419175,0.34167910287015096,0.9907771220765818,1.53666361366662,10.0,0.006944444444444444,0.3364430089897472,0.362116277403696,5.912002837606059,4.517995033538852,4.517995033538851,0.362116277403696,0.3052427515706283,0.9750515919234779,1.5692639393625454,12.0,0.006944444444444444,0.3551718329592516,0
covid_viral,kermany_peds,0.5360845942356103,5.114022088073577,3.852958990757684,3.8529589907576827,0.5360845942356106,0.00880222359719326,0.7255122096541259,1.5703961456238584,16.0,32.0,0.0625,0.4735845942356103,0.6852586384683838,3.991881791209922,3.1735978902519646,3.1735978902519664,0.6852586384683834,0.05920863870356026,0.561893162552336,1.5680931145824457,24.0,0.006944444444444444,0.6783141940239393,0.551194457402673,4.8256210271476805,3.789693571136651,3.789693571136651,0.551194457402673,0.09073852230843901,0.7311332146333936,1.5510493516845578,19.0,0.006944444444444444,0.5442500129582286,0.621153102739711,4.3898716469051555,3.4818243367994954,3.481824336799496,0.6211531027397109,0.09257585273156968,0.6437004755921123,1.509328238246841,22.0,0.006944444444444444,0.6142086582952666,0
covid_viral,covid_viral,0.9999999999999996,1.1250129990683123e-07,1.1920928955078125e-07,6.991638222551007e-15,0.9999999999999998,0.0,1.4781370365550013e-08,4.2146848510894035e-08,32.0,32.0,0.0625,0.9374999999999996,0.8435550058053024,2.750591285867319,2.237462807340118,2.23746280734012,0.8435550058053028,0.01970008592060478,0.3275413129853636,1.521847004387092,28.0,0.006944444444444444,0.836610561360858,0.9999999999999997,1.0106459234841569e-07,1.0323827311807139e-07,8.452889162978813e-15,1.0000000000000002,0.0,1.0548432567901649e-08,5.575503985246929e-08,32.0,0.006944444444444444,0.9930555555555552,0.9999999999999997,1.0106459234841569e-07,1.0323827311807139e-07,8.452889162978813e-15,1.0000000000000002,0.0,1.0548432567901649e-08,5.575503985246929e-08,32.0,0.006944444444444444,0.9930555555555552,0
covid_viral,covid_opacity,0.6963292414816432,4.020829706687511,3.1172847596245385,3.117284759624539,0.6963292414816431,0.018543377288864644,0.5343380270878744,1.550888528622963,23.0,32.0,0.0625,0.6338292414816432,0.44766893516975675,5.405377703402157,4.204116325051888,4.204116325051889,0.44766893516975664,0.15024357563337717,0.8625768162063367,1.5641782764670797,15.0,0.006944444444444444,0.44072449072531233,0.4870298663956784,5.157972080267488,4.051548379982434,4.051548379982434,0.4870298663956785,0.16250263999618433,0.8163990531774922,1.5592825269271928,16.0,0.006944444444444444,0.480085421951234,0.29652665454616706,6.280220907410219,4.744591347473737,4.744591347473737,0.2965266545461671,0.2669934246550135,1.048783805990034,1.5376198736738451,9.0,0.006944444444444444,0.28958221010172264,0
covid_viral,covid_covid,0.7368104174097434,3.6209758492118467,2.90207970994737,2.9020797099473676,0.7368104174097435,0.012708412057388636,0.4764578997020637,1.528371002564966,25.0,32.0,0.0625,0.6743104174097434,0.4621282902087723,5.278285079556833,4.1487220578533925,4.148722057853394,0.4621282902087722,0.14296903043533976,0.8415658576977116,1.5651114145986746,14.0,0.006944444444444444,0.45518384576432785,0.4027775693672869,5.677391862112858,4.371626445643179,4.371626445643178,0.40277756936728687,0.19143540789437768,0.9201995922524355,1.5455976843954802,13.0,0.006944444444444444,0.3958331249228425,0.33655551513980303,6.0459625255810705,4.607626668419036,4.607626668419037,0.33655551513980286,0.23706505876089567,1.0003091427809,1.564238794119091,10.0,0.006944444444444444,0.3296110706953586,0
covid_viral,tb_qatar,0.6683552869497665,4.256410185397189,3.2577033041097327,3.257703304109732,0.6683552869497668,0.029495489629652785,0.5612383115982111,1.5559280711808263,22.0,32.0,0.0625,0.6058552869497665,0.3719579735683134,5.827326168024774,4.48300622861646,4.48300622861646,0.3719579735683134,0.21773232092787184,0.9548825517651405,1.5457191208471623,11.0,0.006944444444444444,0.365013529123869,0.3130611497156033,6.276235653676246,4.688501168721268,4.688501168721268,0.3130611497156033,0.22356247673333324,1.0367721277630038,1.5607353424643988,10.0,0.006944444444444444,0.30611670527115886,0.2656378677907079,6.523984276295457,4.847637386469552,4.847637386469551,0.26563786779070786,0.225044934316033,1.091445958559647,1.5698404993535595,7.0,0.006944444444444444,0.2586934233462635,0
covid_viral,shenzhen,0.5714297328131223,4.783749494538102,3.7032753813320562,3.703275381332056,0.5714297328131224,0.08377757258542538,0.7123379249764578,1.5655261215601624,20.0,32.0,0.0625,0.5089297328131223,0.3870458565983592,5.668310749352798,4.428829708721312,4.428829708721312,0.3870458565983592,0.2631193982979919,0.9328456891077003,1.5631565894987576,12.0,0.006944444444444444,0.3801014121539148,0.3556476780080353,5.971337420435341,4.540845108979481,4.5408451089794815,0.3556476780080354,0.27573007851159875,0.9824668007520848,1.554758420832992,11.0,0.006944444444444444,0.3487032335635909,0.3089173679886297,6.18816198553647,4.702620995185966,4.702620995185967,0.3089173679886297,0.30931493710203906,1.0337042194506803,1.5577889270322847,10.0,0.006944444444444444,0.30197292354418526,0
covid_viral,nih_pa,0.6615289380634994,4.290581242287178,3.2910597050141797,3.2910597050141814,0.6615289380634991,0.03328416169938659,0.5736992115664751,1.5406651541775187,21.0,32.0,0.0625,0.5990289380634994,0.3726994275673412,5.80037602097842,4.4803591728616,4.480359172861599,0.37269942756734137,0.22218392097071366,0.9529569792961009,1.5433236632072291,11.0,0.006944444444444444,0.3657549831228968,0.37046669743734495,5.806375725059254,4.4883254875292815,4.488325487529283,0.3704666974373449,0.22664247442673466,0.9551349381186045,1.562405988431071,11.0,0.006944444444444444,0.36352225299290053,0.2646849871146057,6.487788721880455,4.850781422856797,4.850781422856798,0.2646849871146057,0.2866673180095228,1.0900013869611103,1.56450002949744,8.0,0.006944444444444444,0.2577405426701613,0
covid_viral,nih_ap,0.5978580576317465,4.634785600439869,3.587275032079937,3.5872750320799374,0.5978580576317464,0.060964512967016826,0.6722028336508178,1.5390223375461347,20.0,32.0,0.0625,0.5353580576317465,0.3687911457255282,5.793258876885701,4.494294531601494,4.494294531601495,0.3687911457255282,0.23950496623077133,0.9556831536374667,1.5703192352053497,11.0,0.006944444444444444,0.36184670128108376,0.3335730620325344,6.046687336352269,4.617971634273959,4.617971634273958,0.3335730620325345,0.26517354369900975,1.0028965433885588,1.5523412223295248,9.0,0.006944444444444444,0.32662861758809,0.27479002577345774,6.469095756357806,4.817335277438072,4.817335277438072,0.27479002577345774,0.27161141403821665,1.0825423745956337,1.56086095346054,7.0,0.006944444444444444,0.2678455813290133,0
covid_viral,indiana,0.6394158261848618,4.369366084034335,3.39686525521464,3.39686525521464,0.639415826184862,0.047730075040723546,0.6149884628313418,1.5338004093827762,21.0,32.0,0.0625,0.5769158261848618,0.41930535499668214,5.511200970015484,4.310710920498633,4.310710920498634,0.4193053549966822,0.23270726738005157,0.8971270004690666,1.555504311455293,14.0,0.006944444444444444,0.4123609105522377,0.4223408210794587,5.484249195513682,4.299429465110147,4.299429465110148,0.42234082107945853,0.23621101800985272,0.8932552016539139,1.5532450041289534,14.0,0.006944444444444444,0.4153963766350143,0.2505121429663607,6.592220318838044,4.897306547999263,4.897306547999264,0.2505121429663607,0.30506642322502076,1.1108700614005729,1.5674024151165773,6.0,0.006944444444444444,0.24356769852191626,0
covid_opacity,kermany_peds,0.5052317461566457,5.09657273928999,3.979017984752939,3.9790179847529377,0.5052317461566457,0.034584587956808424,0.7890877868070633,1.5607185403051007,17.0,32.0,0.0625,0.4427317461566457,0.2817248608944506,6.320346818426025,4.794247016099356,4.794247016099357,0.28172486089445054,0.3101270139539474,1.065369674548416,1.5526607236681806,8.0,0.006944444444444444,0.27478041645000617,0.25149940305606755,6.518213693626342,4.894080005701362,4.894080005701361,0.25149940305606755,0.3234293060783923,1.10483635369551,1.567909007200274,6.0,0.006944444444444444,0.2445549586116231,0.2920188047283771,6.259850223786905,4.759768717983252,4.759768717983251,0.29201880472837705,0.29193076824738634,1.0520624448713423,1.56542949965683,8.0,0.006944444444444444,0.2850743602839327,0
covid_opacity,covid_viral,0.5904523911500303,4.629893196084586,3.620155173911614,3.620155173911614,0.5904523911500302,0.013416181683074591,0.6654366473162177,1.5668438672997465,19.0,32.0,0.0625,0.5279523911500303,0.42316380530337017,5.590327072559077,4.29636570025087,4.2963657002508695,0.42316380530337006,0.14948384434568318,0.8944593520161973,1.5319078549844056,13.0,0.006944444444444444,0.41621936085892575,0.38052717897129607,5.821197558293958,4.452317404781304,4.452317404781305,0.3805271789712959,0.16330938539377327,0.9456448356612497,1.5526446246151926,11.0,0.006944444444444444,0.37358273452685165,0.2940555829277777,6.387766888682342,4.752917140694871,4.752917140694872,0.29405558292777767,0.17754667614068936,1.0573400613795234,1.5532316574611704,8.0,0.006944444444444444,0.2871111384833333,0
covid_opacity,covid_opacity,0.9999999999999996,1.1348386266624791e-07,1.1920928955078125e-07,7.202726851840772e-15,0.9999999999999998,0.0,1.4176112451074768e-08,4.712160915387242e-08,32.0,32.0,0.0625,0.9374999999999996,0.4484533402886851,5.471040080905057,4.2011299802269955,4.2011299802269955,0.44845334028868516,0.14113606787202984,0.8663758630969616,1.5701866573575016,14.0,0.006944444444444444,0.4415088958442407,0.46289834662432505,5.274948762366855,4.145751187423287,4.145751187423286,0.46289834662432505,0.1393157047152618,0.8428605064741388,1.5427925506458022,15.0,0.006944444444444444,0.45595390217988063,0.9999999999999991,1.698993779866603e-07,1.6858739404357614e-07,7.23602816802868e-15,0.9999999999999992,0.0,2.7272126668374787e-08,4.942156062059701e-08,32.0,0.006944444444444444,0.9930555555555547,0
covid_opacity,covid_covid,0.7674428127223465,3.2718296496703894,2.7279717727434263,2.7279717727434263,0.7674428127223463,0.012518120299957412,0.44090446778010395,1.4716434006007677,27.0,32.0,0.0625,0.7049428127223465,0.4316154936624967,5.595951354855643,4.2647748126718374,4.264774812671837,0.4316154936624967,0.13948299985031018,0.888385439954384,1.5526553326677675,14.0,0.006944444444444444,0.42467104921805227,0.4031531189782323,5.7477942630333345,4.370251731044399,4.370251731044399,0.4031531189782322,0.14938740986270468,0.9228496794036318,1.563454536430086,13.0,0.006944444444444444,0.3962086745337879,0.40381931048830605,5.723274211329166,4.367812045449552,4.367812045449553,0.403819310488306,0.16668142764380006,0.9213843939120483,1.5703409455017492,13.0,0.006944444444444444,0.39687486604386163,0
covid_opacity,tb_qatar,0.6198358252280056,4.354684761950102,3.4878723590039558,3.4878723590039558,0.6198358252280056,0.013824435403915255,0.6283697027867856,1.533548140054749,21.0,32.0,0.0625,0.5573358252280056,0.4299228187138191,5.580778406477498,4.271120438615351,4.271120438615351,0.4299228187138188,0.14481413309164662,0.8885020119685846,1.5490914246380902,13.0,0.006944444444444444,0.4229783742693747,0.4064703538460692,5.677443432667971,4.35809002625299,4.35809002625299,0.40647035384606917,0.15699211859481607,0.9151438402160889,1.5592113300052795,13.0,0.006944444444444444,0.3995259094016248,0.3789515004912465,5.868662802449716,4.45797622069478,4.457976220694778,0.3789515004912466,0.14550097576509927,0.9500585664980864,1.5543664150829795,12.0,0.006944444444444444,0.37200705604680206,0
covid_opacity,shenzhen,0.5231976995035239,5.040301363148281,3.90610722022415,3.906107220224148,0.523197699503524,0.04026555218395032,0.7635633627567492,1.549298623269104,17.0,32.0,0.0625,0.4606976995035239,0.3843249504814905,5.849244882831876,4.43864862143787,4.43864862143787,0.3843249504814904,0.21668203880852188,0.9494966871936221,1.5514933234282202,12.0,0.006944444444444444,0.3773805060370461,0.3676148457907324,5.913901918367943,4.498480291687023,4.498480291687023,0.3676148457907325,0.22609995736730606,0.9670061787307082,1.5442971897968212,12.0,0.006944444444444444,0.36067040134628797,0.37356309041305086,5.8953378958785585,4.477273847642376,4.477273847642378,0.3735630904130508,0.2411533430583773,0.9622732102538549,1.564808243406666,12.0,0.006944444444444444,0.36661864596860644,0
covid_opacity,nih_pa,0.6708079941332821,3.961531498578493,3.245634635589005,3.2456346355890067,0.6708079941332816,0.01236105284924775,0.5629147233494363,1.4447716919761933,22.0,32.0,0.0625,0.6083079941332821,0.42908685208348896,5.617440801920098,4.274250897330239,4.274250897330239,0.42908685208348896,0.15422104489526342,0.8921348048731101,1.559026227445792,13.0,0.006944444444444444,0.42214240763904454,0.4097220572329616,5.6919107498410515,4.346135544198458,4.3461355441984555,0.4097220572329617,0.16491073875982795,0.9143211505714137,1.5544751481205994,13.0,0.006944444444444444,0.4027776127885172,0.418678375419308,5.707437430607765,4.313037443215877,4.313037443215876,0.4186783754193081,0.17190091271175204,0.9083410417802421,1.5644070900508569,14.0,0.006944444444444444,0.4117339309748636,0
covid_opacity,nih_ap,0.8232008677445306,2.7331139686772667,2.37856516248242,2.3785651624824182,0.8232008677445307,0.017314994584127896,0.3761022042991926,1.362499615399753,29.0,32.0,0.0625,0.7607008677445306,0.41269943402560194,5.65693126708223,4.3351606788192685,4.335160678819267,0.4126994340256019,0.17249893045940803,0.9099822416372028,1.560817607746147,14.0,0.006944444444444444,0.4057549895811575,0.3907954341163081,5.763326223083601,4.4152628583446925,4.415262858344692,0.3907954341163082,0.17594274751279934,0.9360886042980661,1.5587642483012771,13.0,0.006944444444444444,0.3838509896718637,0.36817146905771503,5.858286046005108,4.496500082303248,4.496500082303249,0.36817146905771486,0.1898659509418321,0.9590605404229924,1.565542646036916,11.0,0.006944444444444444,0.3612270246132706,0
covid_opacity,indiana,0.5827420339404956,4.6426179786796125,3.654073742264124,3.6540737422641234,0.5827420339404957,0.02166076496964411,0.6806249691757255,1.5682200562230022,20.0,32.0,0.0625,0.5202420339404956,0.42034766381015026,5.61575324990831,4.3068404611820945,4.3068404611820945,0.4203476638101503,0.1711924664163007,0.8998808111791714,1.5674214363495065,13.0,0.006944444444444444,0.41340321936570584,0.42118694899594855,5.577404414652082,4.30372137017833,4.303721370178329,0.4211869489959485,0.17900277072821585,0.8977538655645523,1.5453439929754922,14.0,0.006944444444444444,0.41424250455150413,0.41505851027586826,5.693737536299383,4.326445154069587,4.326445154069587,0.41505851027586843,0.17829006329425656,0.9103706967766546,1.5619921438566624,13.0,0.006944444444444444,0.40811406583142384,0
covid_covid,kermany_peds,0.5052908273042306,5.091487367325368,3.978780406891617,3.978780406891616,0.5052908273042308,0.04819369161629206,0.787993435450592,1.569882129986701,16.0,32.0,0.0625,0.4427908273042306,0.3025543688609886,6.221387724670195,4.724220591425464,4.724220591425464,0.30255436886098863,0.24883315402195433,1.041032102097353,1.5698756661082731,8.0,0.006944444444444444,0.29560992441654416,0.28879129872871134,6.325752821258304,4.770605668118173,4.770605668118173,0.28879129872871134,0.25960629365234494,1.0607178725880835,1.5684365957039117,9.0,0.006944444444444444,0.2818468542842669,0.31692935536940253,6.137607137960123,4.675281876868936,4.675281876868936,0.31692935536940264,0.25664761289287286,1.0245248523062944,1.544480088435551,10.0,0.006944444444444444,0.3099849109249581,0
covid_covid,covid_viral,0.6097964003928843,4.665721157547997,3.5336263508508794,3.5336263508508816,0.6097964003928842,0.016817497204956396,0.6341085318915792,1.5591845644721871,19.0,32.0,0.0625,0.5472964003928843,0.42526756507687985,5.566176755719395,4.288523978892953,4.288523978892954,0.4252675650768798,0.11996254540674631,0.891138902321622,1.5452557512027854,14.0,0.006944444444444444,0.41832312063243543,0.35288947028691614,6.022542551997802,4.5505534774155425,4.550553477415543,0.3528894702869161,0.16933684694139645,0.9864968617724961,1.5546078702251416,11.0,0.006944444444444444,0.3459450258424717,0.2809011590432277,6.342467374266128,4.796995196017681,4.79699519601768,0.2809011590432277,0.2766381009353083,1.0684309001422914,1.5699916404692222,7.0,0.006944444444444444,0.2739567145987833,0
covid_covid,covid_opacity,0.576321061434428,4.921108364903488,3.682081752772242,3.6820817527722416,0.5763210614344281,0.017963939513737894,0.6823592668203582,1.562620293727348,18.0,32.0,0.0625,0.513821061434428,0.4811324460580563,5.211526021244628,4.074771371027116,4.074771371027115,0.48113244605805633,0.12510390379243586,0.8239185000502909,1.5706802707446348,17.0,0.006944444444444444,0.47418800161361185,0.4282350214702249,5.510112097160652,4.27743840551244,4.277438405512441,0.4282350214702249,0.16424088936303757,0.8884880042352699,1.5556013315776156,14.0,0.006944444444444444,0.4212905770257805,0.489860765113938,5.183255664037298,4.04035339003335,4.040353390033349,0.4898607651139381,0.12095789267299761,0.8128502321919153,1.5631595324495131,17.0,0.006944444444444444,0.4829163206694936,0
covid_covid,covid_covid,0.9999999999999998,9.8843121241194e-08,8.429369702178807e-08,7.841766710000455e-15,0.9999999999999998,0.0,1.0895471374692739e-08,4.4703483581542975e-08,32.0,32.0,0.0625,0.9374999999999998,0.8926371366047188,2.2865606672619414,1.8535402959334333,1.853540295933434,0.8926371366047189,0.023207318262064684,0.2663850206773912,1.5489520451721117,29.0,0.006944444444444444,0.8856926921602744,0.9999999999999994,1.3898877878619456e-07,1.3328003749250113e-07,8.575661194205151e-15,0.9999999999999998,0.0,1.8598653839728283e-08,4.712160915387242e-08,32.0,0.006944444444444444,0.993055555555555,0.9999999999999994,1.3898877878619456e-07,1.3328003749250113e-07,8.575661194205151e-15,0.9999999999999998,0.0,1.8598653839728283e-08,4.712160915387242e-08,32.0,0.006944444444444444,0.993055555555555,0
covid_covid,tb_qatar,0.6151271368241895,4.5714697946202945,3.5094061636729847,3.5094061636729825,0.6151271368241897,0.019053454269738805,0.6319368478973135,1.5410555330089881,20.0,32.0,0.0625,0.5526271368241895,0.488162041045878,5.131940316182125,4.0470748308539966,4.047074830853997,0.48816204104587807,0.1335472978176204,0.8120505714435755,1.5585889125168004,16.0,0.006944444444444444,0.4812175966014336,0.4018220629955238,5.718542069078929,4.375122167910656,4.375122167910654,0.4018220629955239,0.17620254083678244,0.9252471682270089,1.568255963011605,12.0,0.006944444444444444,0.3948776185510794,0.3838530307631963,5.7172662360388395,4.4403494249414335,4.440349424941435,0.38385303076319627,0.20282215332516776,0.9393686149075279,1.5639260139415967,12.0,0.006944444444444444,0.3769085863187519,0
covid_covid,shenzhen,0.47755453096856804,5.27329379913336,4.088796278736057,4.088796278736057,0.477554530968568,0.05794243280747267,0.8247704958577649,1.5677296568642511,17.0,32.0,0.0625,0.41505453096856804,0.3779866466227114,5.773814708126676,4.461437807262725,4.461437807262726,0.3779866466227113,0.2650508659097163,0.9507546440297974,1.555760977615116,12.0,0.006944444444444444,0.371042202178267,0.3454387205846008,5.9691047418477545,4.576675752256519,4.576675752256521,0.3454387205846006,0.28119301322883516,0.9907651197238607,1.564343626474286,10.0,0.006944444444444444,0.33849427614015637,0.3541443028231094,5.950981072135872,4.546139275215895,4.5461392752158964,0.3541443028231093,0.2609292225658559,0.9820617329967,1.548719799171356,11.0,0.006944444444444444,0.34719985837866496,0
covid_covid,nih_pa,0.5093740476090685,5.361587566646955,3.9623263970185256,3.9623263970185265,0.5093740476090686,0.02462161332368728,0.7758753083083127,1.5624329391607144,16.0,32.0,0.0625,0.44687404760906846,0.4957801203533304,5.105563290726368,4.016844053320147,4.016844053320147,0.4957801203533303,0.1308225259235611,0.8041004998033495,1.5584519598389315,17.0,0.006944444444444444,0.488835675908886,0.4236189942652281,5.539661259102838,4.294670206606405,4.294670206606404,0.4236189942652282,0.15972303182656017,0.8944575262940243,1.5632069865130467,14.0,0.006944444444444444,0.41667454982078367,0.4923568958489364,5.1529597753434,4.030456467056062,4.030456467056061,0.4923568958489365,0.11937717485644302,0.8073122764514206,1.5450931544677755,17.0,0.006944444444444444,0.48541245140449196,0
covid_covid,nih_ap,0.4679467519746074,5.47164123825752,4.126221508452081,4.126221508452081,0.46794675197460744,0.03848701030941997,0.8369160802861075,1.5594189243861336,15.0,32.0,0.0625,0.4054467519746074,0.4172580460085411,5.570899517276309,4.31830320006906,4.318303200069061,0.41725804600854116,0.17948012704119207,0.9032441729080094,1.5638605959684246,14.0,0.006944444444444444,0.4103136015640967,0.3513141907359111,5.959679191924244,4.556088881535438,4.55608888153544,0.35131419073591097,0.19665522874688945,0.9819234514934958,1.5543661908717965,10.0,0.006944444444444444,0.34436974629146666,0.4405736948201727,5.4717625892095025,4.231033179467454,4.231033179467455,0.4405736948201726,0.1770821296815061,0.8755259859056856,1.536613388698647,15.0,0.006944444444444444,0.4336292503757283,0
covid_covid,indiana,0.6323071717253114,4.3172591062861665,3.4301851997800403,3.4301851997800417,0.6323071717253113,0.03135015378355271,0.6306636345563135,1.5578648246469413,22.0,32.0,0.0625,0.5698071717253114,0.4507263147461468,5.390296649017985,4.192464421807692,4.19246442180769,0.4507263147461469,0.15087472642606184,0.8599317703587495,1.5452206895821226,15.0,0.006944444444444444,0.44378187030170235,0.40314814889809425,5.684843560148686,4.370269927048097,4.370269927048096,0.40314814889809425,0.17885811755898764,0.919861332569963,1.5524816310155551,12.0,0.006944444444444444,0.39620370445364983,0.4581471847822008,5.345069318757183,4.164047320452732,4.16404732045273,0.45814718478220084,0.1306767144239774,0.8501648529941559,1.5440196460932905,16.0,0.006944444444444444,0.45120274033775637,0
tb_qatar,kermany_peds,0.4930920672081428,5.17445730217905,4.02753694574481,4.027536945744811,0.49309206720814264,0.08372832766141043,0.8090688364550347,1.557330215471875,16.0,32.0,0.0625,0.4305920672081428,0.37178609714482047,5.748073936699619,4.48361961938853,4.48361961938853,0.37178609714482064,0.27365301646811174,0.9529495716599286,1.5314793266043738,11.0,0.006944444444444444,0.36484165270037605,0.3307706447873474,6.0110729332143435,4.6276710521389575,4.627671052138958,0.33077064478734725,0.29209176503116946,1.0038008043186661,1.568263136521291,9.0,0.006944444444444444,0.323826200342903,0.4172842360036375,5.519497486437054,4.318206160882502,4.318206160882501,0.4172842360036376,0.24073974022058475,0.9018743261089048,1.5429684915488364,13.0,0.006944444444444444,0.4103397915591931,0
tb_qatar,covid_viral,0.6827376948897761,4.1431668750491,3.1862821224002067,3.186282122400207,0.682737694889776,0.040978562516710185,0.5557825346556649,1.539118754284749,23.0,32.0,0.0625,0.6202376948897761,0.524937877305677,4.906869495815396,3.898972675746566,3.8989726757465673,0.524937877305677,0.11579148321173177,0.766083949426364,1.526137262118403,18.0,0.006944444444444444,0.5179934328612326,0.3560779754055971,5.927772009156785,4.539328671402952,4.539328671402954,0.35607797540559694,0.21294649620866918,0.9781463398431874,1.5656827311483819,11.0,0.006944444444444444,0.3491335309611527,0.4060291771456761,5.574554288413059,4.35970943198493,4.35970943198493,0.406029177145676,0.251604260959316,0.9148911553199202,1.5465429878780987,13.0,0.006944444444444444,0.3990847327012317,0
tb_qatar,covid_opacity,0.6333126372116081,4.581688335012332,3.4254920244000773,3.425492024400078,0.6333126372116079,0.05179477040329549,0.6320803458150223,1.5707769088248162,22.0,32.0,0.0625,0.5708126372116081,0.6364063356934038,4.174379457693929,3.4110111782008397,3.4110111782008397,0.6364063356934037,0.1205842461580754,0.632998424669928,1.5049170042396423,22.0,0.006944444444444444,0.6294618912489593,0.5235292350003152,4.936862806984139,3.9047489650411475,3.904748965041147,0.5235292350003153,0.1477974390969477,0.7722325172746118,1.566940699227655,18.0,0.006944444444444444,0.5165847905558708,0.6052908422584764,4.4164406776505,3.553968633475647,3.553968633475649,0.6052908422584762,0.11580691770972935,0.6710060466370665,1.5642101410481315,21.0,0.006944444444444444,0.598346397814032,0
tb_qatar,covid_covid,0.6911546608359487,4.054482398639024,3.143731994501065,3.1437319945010618,0.691154660835949,0.04512577663719257,0.5546789297973255,1.5647950114726146,24.0,32.0,0.0625,0.6286546608359487,0.5892829967815786,4.47627197294014,3.625319862162439,3.625319862162439,0.5892829967815786,0.131111687766381,0.6936195679115438,1.5571786563112708,21.0,0.006944444444444444,0.5823385523371342,0.4736792190356616,5.2335967240102175,4.103932868707629,4.103932868707628,0.47367921903566157,0.16558411025123104,0.8340179017626865,1.548382429275158,16.0,0.006944444444444444,0.4667347745912172,0.5969856076913983,4.414723499835034,3.5911642337653196,3.5911642337653187,0.5969856076913984,0.12232817485905334,0.6826327388755684,1.5672615699032564,22.0,0.006944444444444444,0.5900411632469539,0
tb_qatar,tb_qatar,0.9999999999999991,1.625524776374655e-07,1.6858739404357614e-07,7.12303494592887e-15,0.9999999999999996,0.0,2.495205334268516e-08,4.942156062059701e-08,32.0,32.0,0.0625,0.9374999999999991,0.9809143178261257,0.8007086204637214,0.781499731006977,0.7814997310069848,0.9809143178261257,0.008613663575154536,0.09232328815114202,0.5041691303267103,32.0,0.006944444444444444,0.9739698733816813,0.9999999999999997,9.541398640621974e-08,1.0323827311807139e-07,8.13472689063025e-15,1.0000000000000002,0.0,1.035360794342646e-08,3.942476676500724e-08,32.0,0.006944444444444444,0.9930555555555552,0.9999999999999997,9.541398640621974e-08,1.0323827311807139e-07,8.13472689063025e-15,1.0000000000000002,0.0,1.035360794342646e-08,3.942476676500724e-08,32.0,0.006944444444444444,0.9930555555555552,0
tb_qatar,shenzhen,0.48096734381169404,5.396014913597698,4.075419610055606,4.075419610055606,0.4809673438116939,0.11052281475903976,0.835217301114829,1.5680382621072204,17.0,32.0,0.0625,0.41846734381169404,0.5454991873707178,4.743387737095402,3.813663069037042,3.8136630690370428,0.5454991873707177,0.18288678699933728,0.7467889641256125,1.5513910275638816,20.0,0.006944444444444444,0.5385547429262734,0.41053154995825475,5.594212201448691,4.343154429828147,4.343154429828147,0.4105315499582547,0.21535695801898008,0.909816273106975,1.54699760733299,13.0,0.006944444444444444,0.40358710551381033,0.5435436618602443,4.826114815721064,3.8218585557909104,3.82185855579091,0.5435436618602442,0.189740241928337,0.7546365000753126,1.5583267254926796,19.0,0.006944444444444444,0.5365992174157999,0
tb_qatar,nih_pa,0.6558959666132052,4.466966472866739,3.318332272147778,3.3183322721477784,0.6558959666132052,0.04201248068031694,0.5865067005947916,1.5680213228913666,22.0,32.0,0.0625,0.5933959666132052,0.7748512262680554,3.1902855533507384,2.68416854154545,2.684168541545449,0.7748512262680555,0.06017778824592266,0.44235234747821367,1.3881449436097542,27.0,0.006944444444444444,0.7679067818236109,0.5262310027821586,4.96729020687703,3.893662531726514,3.893662531726515,0.5262310027821587,0.09911561847979082,0.7664745185722182,1.5637768493286481,18.0,0.006944444444444444,0.5192865583377142,0.781749394869333,3.2377319986247217,2.642729529138641,2.6427295291386446,0.7817493948693331,0.05647763016886461,0.4333164709983557,1.569866877493878,27.0,0.006944444444444444,0.7748049504248886,0
tb_qatar,nih_ap,0.5433159099703773,5.02843913966234,3.822811907607792,3.8228119076077918,0.5433159099703774,0.0648417896649146,0.7482687483752681,1.5501025277884473,18.0,32.0,0.0625,0.48081590997037726,0.5073464963950265,4.988764522336735,3.970505272047772,3.9705052720477703,0.5073464963950265,0.16938598988741443,0.7909348567678177,1.5444179929277202,17.0,0.006944444444444444,0.5004020519505821,0.34960289967698865,6.0669962691144175,4.562094607780111,4.562094607780112,0.34960289967698854,0.20384816277084117,0.9924137055162463,1.5619937427785033,11.0,0.006944444444444444,0.34265845523254423,0.5494817272785091,4.743239905135734,3.7969177930378883,3.796917793037887,0.5494817272785092,0.14377935585975563,0.7388728922565038,1.525312160497036,19.0,0.006944444444444444,0.5425372828340647,0
tb_qatar,indiana,0.6162587313857916,4.658713486303009,3.504243227239609,3.504243227239607,0.6162587313857916,0.06200998870630297,0.6536879243921903,1.5646973508103212,20.0,32.0,0.0625,0.5537587313857916,0.6661482753980319,3.9524560237598587,3.2685249252932094,3.268524925293209,0.666148275398032,0.12496091982738174,0.5938522965018602,1.5271537690520631,24.0,0.006944444444444444,0.6592038309535875,0.5519832793308799,4.7189474273850465,3.7863617182477225,3.7863617182477234,0.5519832793308797,0.15176339343725048,0.7353750323875992,1.519627508601519,19.0,0.006944444444444444,0.5450388348864355,0.7127001631794747,3.6935978798221756,3.032094124241002,3.032094124241003,0.7127001631794746,0.09979201069386419,0.5301108634518672,1.511747165298113,25.0,0.006944444444444444,0.7057557187350303,0
shenzhen,kermany_peds,0.3834173677311667,5.668496028303856,4.441918980868817,4.4419189808688175,0.38341736773116664,0.2100063292820688,0.9367355773206971,1.5502267049499954,12.0,32.0,0.0625,0.3209173677311667,0.2356493103320284,6.66615474482582,4.945626559838004,4.945626559838003,0.23564931033202843,0.3620358532461609,1.1316540047617138,1.5656944715963153,5.0,0.006944444444444444,0.22870486588758396,0.21955378307527312,6.755586018897034,4.997427232245734,4.997427232245734,0.2195537830752731,0.3485577069714063,1.1502992811325572,1.5646390318643,5.0,0.006944444444444444,0.21260933863082868,0.2312822661703677,6.681649057471527,4.95973461815733,4.959734618157329,0.23128226617036782,0.35209453547208175,1.1358360585766483,1.5683603781651232,5.0,0.006944444444444444,0.22433782172592326,0
shenzhen,covid_viral,0.46720930090698076,5.164275020556462,4.129080087740684,4.129080087740685,0.46720930090698065,0.15990534953934568,0.835258103780349,1.548876833802799,15.0,32.0,0.0625,0.40470930090698076,0.3038529778428847,6.286460951371876,4.719820410675356,4.719820410675356,0.30385297784288473,0.2699801939289264,1.047957809710605,1.5672910662223856,10.0,0.006944444444444444,0.29690853339844026,0.28144004866584316,6.425058917637503,4.795197435215052,4.795197435215053,0.28144004866584305,0.26519310066788915,1.0761114302497794,1.55639601371124,9.0,0.006944444444444444,0.27449560422139874,0.3454521396432596,6.038057797330181,4.576628839158326,4.576628839158326,0.3454521396432597,0.24700375172117714,0.9968715745284913,1.569373095866024,11.0,0.006944444444444444,0.3385076951988152,0
shenzhen,covid_opacity,0.4444737458658713,5.341366953003773,4.216259021015208,4.216259021015209,0.4444737458658713,0.16652151443960383,0.8664885648475085,1.5395469708307197,15.0,32.0,0.0625,0.3819737458658713,0.2778357538758774,6.469228659801263,4.807208740628175,4.807208740628174,0.27783575387587733,0.2658013774005647,1.0831041175655487,1.5668228773394275,8.0,0.006944444444444444,0.27089130943143297,0.26084698429111763,6.575602379838952,4.86342435971654,4.86342435971654,0.26084698429111763,0.2639289309606424,1.1047385074534763,1.5669319393997938,8.0,0.006944444444444444,0.2539025398466732,0.25614619654956805,6.587738195303131,4.878864797308266,4.878864797308266,0.25614619654956816,0.2848732806548596,1.1091007369772297,1.5671507027471854,8.0,0.006944444444444444,0.2492017521051236,0
shenzhen,covid_covid,0.468919024515312,5.155023926685413,4.122449661974057,4.122449661974058,0.4689190245153118,0.16270521221611497,0.8339458045403623,1.5389806494362939,16.0,32.0,0.0625,0.406419024515312,0.30551217297400846,6.295949597204067,4.714192450975218,4.714192450975217,0.30551217297400857,0.2675797382910185,1.0476148757390944,1.5704409109367314,10.0,0.006944444444444444,0.29856772852956404,0.2817346704453966,6.41859692265029,4.79421427824699,4.794214278246989,0.2817346704453966,0.2807361306196185,1.074680618811021,1.5689678478632723,8.0,0.006944444444444444,0.27479022600095215,0.30295724209558755,6.346227819846079,4.722855942429454,4.7228559424294545,0.3029572420955875,0.25013901505616426,1.0531751340378528,1.5530918771800395,10.0,0.006944444444444444,0.29601279765114313,0
shenzhen,tb_qatar,0.46942779606865115,5.1597994561957075,4.120474551044231,4.120474551044232,0.46942779606865126,0.14674843421880002,0.8326238493062292,1.533005170983472,15.0,32.0,0.0625,0.40692779606865115,0.31116865493451173,6.204303105001827,4.694955062840924,4.694955062840924,0.31116865493451173,0.2702332333876271,1.0349787790480522,1.552613273937614,10.0,0.006944444444444444,0.3042242104900673,0.30195442107670395,6.321335147792679,4.726252059036364,4.726252059036364,0.30195442107670417,0.2748971118966827,1.0531650070818355,1.5595898695074308,9.0,0.006944444444444444,0.29500997663225953,0.3610192021347401,5.9400233883358124,4.521878540130011,4.521878540130008,0.36101920213474015,0.21955592020660214,0.9766901174101388,1.557228431357092,11.0,0.006944444444444444,0.35407475769029567,0
shenzhen,shenzhen,0.9999999999999997,1.0745380149674385e-07,1.0323827311807139e-07,6.02239187655466e-15,0.9999999999999998,0.0,1.2715296531310744e-08,4.4703483581542975e-08,32.0,32.0,0.0625,0.9374999999999997,0.5413939705147519,4.882408892613878,3.8308475489802434,3.8308475489802425,0.5413939705147521,0.035005227359668746,0.7322012120981494,1.52013245824681,17.0,0.006944444444444444,0.5344495260703075,0.5687291984522058,4.800526308280936,3.7149247165359105,3.71492471653591,0.5687291984522057,0.014174329540995293,0.6718888601119269,1.5674101320234715,18.0,0.006944444444444444,0.5617847540077614,0.9999999999999992,1.4901161193847656e-07,1.5769906706002895e-07,9.211250246761265e-15,0.9999999999999996,0.0,2.057462624428162e-08,4.712160915387242e-08,32.0,0.006944444444444444,0.9930555555555548,0
shenzhen,nih_pa,0.49758638823634804,5.003570947404027,4.009642824047656,4.009642824047656,0.4975863882363479,0.14182374956993166,0.8020187381948537,1.545010113548775,17.0,32.0,0.0625,0.43508638823634804,0.3082271022608934,6.2462195321093095,4.704968940136737,4.7049689401367365,0.3082271022608933,0.2796507798936455,1.0424539247030808,1.5658098050201075,9.0,0.006944444444444444,0.301282657816449,0.29440634536739974,6.344246816337507,4.751736203562147,4.751736203562147,0.29440634536739985,0.27534506501386685,1.0609055257657283,1.5641216614201456,9.0,0.006944444444444444,0.2874619009229553,0.3301574010823239,6.140355603907418,4.6297908338677285,4.6297908338677285,0.33015740108232383,0.238902227691226,1.0152443836496126,1.5645118063124996,10.0,0.006944444444444444,0.32321295663787947,0
shenzhen,nih_ap,0.39999764446507247,5.6050074344085825,4.381789061230319,4.381789061230321,0.3999976444650722,0.2094891697365656,0.9216213497026389,1.5621567089476858,12.0,32.0,0.0625,0.33749764446507247,0.25926654902130364,6.506102179802927,4.868620998939873,4.868620998939871,0.2592665490213037,0.3116080533252888,1.0990039163130696,1.5560661420816704,7.0,0.006944444444444444,0.2523221045768592,0.2539277649722653,6.544422711071579,4.8861346196034665,4.8861346196034665,0.2539277649722653,0.3281335672002357,1.1070516272165543,1.5528114426799506,7.0,0.006944444444444444,0.24698332052782088,0.26770461408084145,6.560145779533338,4.840811125153828,4.840811125153829,0.26770461408084134,0.3094776515636916,1.0997131459742722,1.565658779032621,9.0,0.006944444444444444,0.26076016963639703,0
shenzhen,indiana,0.5229959404597739,4.874717643057494,3.9069335680668074,3.906933568066806,0.5229959404597739,0.11865270433937859,0.7725599488263082,1.5434943997058614,18.0,32.0,0.0625,0.46049594045977393,0.33875703573558597,6.005100866128096,4.599975527811126,4.599975527811128,0.3387570357355859,0.23830894181787263,0.9989061778629391,1.565658555440309,10.0,0.006944444444444444,0.33181259129114155,0.3290746187412709,6.095045394657287,4.633531288367364,4.633531288367363,0.32907461874127103,0.24271412046982357,1.013353156560215,1.569134456435043,10.0,0.006944444444444444,0.3221301742968265,0.33193600778229104,6.0295853792556215,4.623640097473709,4.623640097473709,0.33193600778229104,0.27388113728081936,1.0060280154156431,1.5699213156056504,10.0,0.006944444444444444,0.3249915633378466,0
nih_pa,kermany_peds,0.5148189979355942,4.965165827235594,3.9402781711525123,3.940278171152511,0.5148189979355943,0.13988099887026767,0.7855094313236688,1.552647612986336,19.0,32.0,0.0625,0.45231899793559416,0.3253452733647886,6.055387119301594,4.646391207413208,4.646391207413208,0.32534527336478875,0.2799571970253554,1.013112548234177,1.5398989138114323,10.0,0.006944444444444444,0.31840082892034416,0.3168260658663634,6.0888562992963955,4.675635346375546,4.675635346375546,0.3168260658663634,0.2882795565233346,1.0217946638838027,1.5654008908320478,9.0,0.006944444444444444,0.309881621421919,0.26176092721418204,6.437935235096311,4.860416682666845,4.860416682666844,0.2617609272141821,0.2785044919075354,1.0897925200673413,1.569608851726141,6.0,0.006944444444444444,0.2548164827697376,0
nih_pa,covid_viral,0.7556133821459918,3.311077315576405,2.7964927626096694,2.7964927626096694,0.7556133821459915,0.05137571181300319,0.469964611326251,1.480022198359176,27.0,32.0,0.0625,0.6931133821459918,0.4512147484584503,5.431141603266227,4.190599962932467,4.190599962932466,0.4512147484584503,0.0966198528486567,0.8591724309362321,1.5623394891099138,15.0,0.006944444444444444,0.44427030401400586,0.4021220959677395,5.677680777552858,4.374024797487131,4.37402479748713,0.4021220959677395,0.11889386963853527,0.9192203365003161,1.5677748676586605,13.0,0.006944444444444444,0.3951776515232951,0.4913338658791767,5.127808399748467,4.034515620476186,4.034515620476188,0.49133386587917655,0.10131731403208538,0.8094285113744908,1.5463652838082644,17.0,0.006944444444444444,0.4843894214347323,0
nih_pa,covid_opacity,0.7305988159642204,3.4968286714160146,2.9361263408009113,2.936126340800907,0.7305988159642203,0.055126125108853105,0.5068299317477012,1.5593058391748102,26.0,32.0,0.0625,0.6680988159642204,0.3727085626852286,5.811292300142381,4.480326549937256,4.480326549937256,0.3727085626852285,0.11969111898239067,0.9505866876702069,1.539719065451184,11.0,0.006944444444444444,0.3657641182407842,0.35141800623902947,5.964086649186148,4.555724289325579,4.55572428932558,0.3514180062390293,0.13480841559245718,0.980994541681782,1.5537398808712914,10.0,0.006944444444444444,0.34447356179458505,0.3533946441902258,5.987890965190296,4.5487769109852785,4.548776910985277,0.35339464419022576,0.13813748034535495,0.9815983201988693,1.537865988092228,11.0,0.006944444444444444,0.3464501997457814,0
nih_pa,covid_covid,0.7667220812154869,3.3458663011235474,2.732195710615259,2.73219571061526,0.7667220812154869,0.06230733869318698,0.4659214315585699,1.5641728383998479,28.0,32.0,0.0625,0.7042220812154869,0.42620225488347363,5.5585835429257875,4.285035337512264,4.285035337512265,0.42620225488347363,0.09837897134548935,0.8892656521781193,1.565625883799997,14.0,0.006944444444444444,0.4192578104390292,0.38650759941402896,5.769459524917336,4.430773839720446,4.430773839720447,0.3865075994140288,0.11841698770604171,0.9378218006532039,1.558420480874962,13.0,0.006944444444444444,0.37956315496958454,0.3946601019198626,5.716054879708726,4.401235819467573,4.401235819467574,0.39466010191986267,0.11875814319252183,0.9281181770137393,1.545588101261695,12.0,0.006944444444444444,0.3877156574754182,0
nih_pa,tb_qatar,0.8013968226617151,3.0652896895896093,2.5209723669300934,2.52097236693009,0.801396822661715,0.047211747188940306,0.4084027866444663,1.5163681482710964,27.0,32.0,0.0625,0.7388968226617151,0.5275886173791456,4.9403351172568115,3.8880797630536517,3.888079763053652,0.5275886173791456,0.08776799855713639,0.766462511508057,1.555466986139528,17.0,0.006944444444444444,0.5206441729347012,0.497416264633272,5.115910447128219,4.010321624475435,4.010321624475437,0.4974162646332718,0.09962739461920565,0.8040161256357045,1.5705728553939333,18.0,0.006944444444444444,0.49047182018882757,0.5034620787362175,5.004642667072603,3.986127629722992,3.986127629722993,0.5034620787362176,0.09706530922137407,0.7916049426496534,1.544170173615011,16.0,0.006944444444444444,0.4965176342917731,0
nih_pa,shenzhen,0.5640091582816577,4.515671514747813,3.7351983796027426,3.735198379602743,0.5640091582816575,0.12468087372641294,0.7172170497929381,1.4703237967390483,20.0,32.0,0.0625,0.5015091582816577,0.38912458400553085,5.73823232296,4.421313527880941,4.42131352788094,0.3891245840055308,0.23626459770542227,0.9414325945623879,1.5707029467255997,13.0,0.006944444444444444,0.38218013956108643,0.3699337701570583,5.844706871289595,4.490224866860694,4.490224866860694,0.3699337701570583,0.23118461922520017,0.9633752281390955,1.5488134226296955,12.0,0.006944444444444444,0.3629893257126139,0.3870053798150497,5.748920917685233,4.4289759364799455,4.428975936479946,0.3870053798150497,0.24768720877193368,0.9448413700353544,1.5599292702910308,13.0,0.006944444444444444,0.38006093537060526,0
nih_pa,nih_pa,0.9999999999999996,1.1250129990683123e-07,1.1920928955078125e-07,6.136956207932456e-15,0.9999999999999998,0.0,1.4243329494221645e-08,3.942476676500724e-08,32.0,32.0,0.0625,0.9374999999999996,0.5961455867162253,4.439394848594965,3.5949048979188296,3.5949048979188323,0.5961455867162251,0.060500526452487685,0.6768382672968221,1.53138065958454,21.0,0.006944444444444444,0.5892011422717809,0.5474209918486704,4.772609608608084,3.805591709687542,3.8055917096875413,0.5474209918486703,0.07045141480744814,0.7366203656712157,1.5673583575937322,19.0,0.006944444444444444,0.540476547404226,0.9999999999999997,1.0641557616804317e-07,1.0323827311807139e-07,7.540249992691921e-15,1.0000000000000002,0.0,1.1289858455220449e-08,3.6500241499888574e-08,32.0,0.006944444444444444,0.9930555555555552,0
nih_pa,nih_ap,0.6195635161881226,4.320085916753685,3.489121305139745,3.4891213051397445,0.6195635161881228,0.10056630224527377,0.6569475170814332,1.5657477775473843,23.0,32.0,0.0625,0.5570635161881226,0.35860619452813025,5.844523888984501,4.53040856602358,4.53040856602358,0.35860619452813014,0.19095068704675716,0.9664396324626924,1.528717821164665,10.0,0.006944444444444444,0.35166175008368583,0.33226753120791147,6.044335971934683,4.622492725937687,4.622492725937687,0.3322675312079116,0.20572954142580155,1.0039190601212111,1.5597459458399654,10.0,0.006944444444444444,0.32532308676346705,0.3715533421941266,5.811285632722434,4.484450139068105,4.484450139068105,0.3715533421941267,0.20395333458499576,0.9578209372408687,1.5578121960470115,12.0,0.006944444444444444,0.3646088977496822,0
nih_pa,indiana,0.7274772808625771,3.5006471863644717,2.953087708212801,2.953087708212798,0.7274772808625771,0.07725130621337124,0.514931920249299,1.5001048707798674,25.0,32.0,0.0625,0.6649772808625771,0.49897007791131387,5.069470197473195,4.004117569057876,4.004117569057878,0.49897007791131376,0.13142001416198945,0.8025534976019938,1.5533385534572133,17.0,0.006944444444444444,0.49202563346686945,0.4457889580628148,5.362330602738192,4.211265052450383,4.211265052450381,0.44578895806281477,0.13864823769664564,0.8641881793332105,1.5281883644504732,16.0,0.006944444444444444,0.4388445136183704,0.5075428139225115,5.041224326097245,3.9697140897651093,3.9697140897651093,0.5075428139225115,0.13002009055780264,0.7952440780070422,1.5508720294074076,17.0,0.006944444444444444,0.5005983694780671,0
nih_ap,kermany_peds,0.467923618165351,5.173450874516377,4.12631121205233,4.126311212052329,0.467923618165351,0.21143486139412487,0.8375860150867306,1.559933880789874,16.0,32.0,0.0625,0.405423618165351,0.24455087972788736,6.5491616363287015,4.916744029203432,4.916744029203433,0.2445508797278873,0.27670289992496355,1.111408495696545,1.5638120026991416,6.0,0.006944444444444444,0.2376064352834429,0.22966115460110959,6.666873171848373,4.964961535879658,4.964961535879658,0.22966115460110967,0.2852902884818593,1.1335692404384026,1.5660421776123765,5.0,0.006944444444444444,0.22271671015666514,0.25202222565259946,6.541523291933223,4.892370466258337,4.892370466258337,0.25202222565259946,0.2835885596850083,1.10726452589941,1.5660638158467823,6.0,0.006944444444444444,0.24507778120815502,0
nih_ap,covid_viral,0.5941993715435241,4.452782936167064,3.603556591841903,3.6035565918419,0.5941993715435244,0.09994787677683215,0.6857245955345812,1.5491070692266247,21.0,32.0,0.0625,0.5316993715435241,0.2787033494241091,6.389864574645571,4.804320224384352,4.804320224384353,0.2787033494241091,0.19956554809116733,1.072297371823943,1.5469802629637055,8.0,0.006944444444444444,0.2717589049796647,0.2695124903912252,6.431912898274085,4.834831983376547,4.8348319833765485,0.26951249039122516,0.20144307033993009,1.0818797346381348,1.5539777356402553,8.0,0.006944444444444444,0.2625680459467808,0.2867244787219275,6.3801303451564735,4.777532488732894,4.777532488732894,0.2867244787219275,0.18597105191249716,1.065220016884971,1.5629595997859156,8.0,0.006944444444444444,0.2797800342774831,0
nih_ap,covid_opacity,0.7390913622459496,3.446430339943232,2.8894768398673163,2.8894768398673163,0.7390913622459497,0.0731844334953202,0.495602893526746,1.4249247656167834,26.0,32.0,0.0625,0.6765913622459496,0.35388994960970305,5.93886975244052,4.547034375556172,4.547034375556172,0.353889949609703,0.11836986763976029,0.9743463502707962,1.5636636893537637,11.0,0.006944444444444444,0.3469455051652586,0.32843568570791004,6.111825712857726,4.635737056536628,4.635737056536629,0.3284356857079101,0.12659592259488564,1.008824887073876,1.5688757789302108,9.0,0.006944444444444444,0.3214912412634656,0.35173722454525236,5.974976944773243,4.554603035891485,4.554603035891485,0.35173722454525225,0.105720940677464,0.9792729471762228,1.5585410132411517,11.0,0.006944444444444444,0.34479278010080794,0
nih_ap,covid_covid,0.6552149087657888,4.049848241449634,3.321614504950079,3.3216145049500776,0.6552149087657887,0.09409744504935713,0.6115276891587118,1.5619371038100238,22.0,32.0,0.0625,0.5927149087657888,0.2995624543401423,6.274577821567702,4.734342769711066,4.734342769711066,0.2995624543401424,0.17601190288351937,1.0457900238164157,1.5630447473715006,8.0,0.006944444444444444,0.29261800989569786,0.28016601394791196,6.354729937561331,4.799446588271071,4.799446588271071,0.280166013947912,0.19676656037582904,1.066531123010099,1.5704490634460224,7.0,0.006944444444444444,0.27322156950346754,0.2976181668841963,6.305752563865937,4.740909054148341,4.74090905414834,0.2976181668841964,0.19635980817009624,1.051729317624793,1.5706594415213724,8.0,0.006944444444444444,0.29067372243975187,0
nih_ap,tb_qatar,0.6061706053131486,4.395160754051254,3.5500057225276755,3.550005722527675,0.6061706053131484,0.09959637759001232,0.670511749906497,1.549790424648717,22.0,32.0,0.0625,0.5436706053131486,0.2947856352162453,6.2914052180189435,4.75045889078941,4.750458890789411,0.2947856352162453,0.1833059592424267,1.0515829854981313,1.5621844259010063,8.0,0.006944444444444444,0.28784119077180087,0.28171436896598057,6.3270313068269575,4.794282031033283,4.794282031033283,0.28171436896598057,0.210601731059368,1.063953710431934,1.5615070469531251,7.0,0.006944444444444444,0.27476992452153615,0.2943428456465331,6.346237967141002,4.751950014395242,4.751950014395241,0.2943428456465331,0.1691685571355388,1.0561625849926823,1.5584030203221777,8.0,0.006944444444444444,0.2873984012020887,0
nih_ap,shenzhen,0.4087776517221212,5.460101989150863,4.349610918794015,4.349610918794015,0.4087776517221213,0.2526965120005329,0.9038594878330564,1.5483362214384377,13.0,32.0,0.0625,0.3462776517221212,0.20960268870168922,6.791698896900898,5.029186212653688,5.029186212653689,0.20960268870168922,0.38314814123709917,1.1606122905760101,1.5631766877342501,5.0,0.006944444444444444,0.20265824425724477,0.2063175386148438,6.786622171871985,5.039626847726426,5.039626847726427,0.2063175386148438,0.38496331248045956,1.1618099791686218,1.5641337725683693,5.0,0.006944444444444444,0.19937309417039936,0.1897661104683263,6.961621414837969,5.091903815373338,5.091903815373338,0.18976611046832625,0.391890229304185,1.191985602926565,1.5682807807294656,4.0,0.006944444444444444,0.18282166602388186,0
nih_ap,nih_pa,0.5847382881312531,4.504783217399725,3.6453223149400524,3.6453223149400507,0.584738288131253,0.13722637353743072,0.6994309889462906,1.560023764808599,21.0,32.0,0.0625,0.5222382881312531,0.2855747617878392,6.346996775974767,4.781381350905734,4.7813813509057335,0.2855747617878391,0.2149229757220821,1.0639760996829413,1.56281241981757,8.0,0.006944444444444444,0.2786303173433948,0.2792262749406065,6.38240982353474,4.802578391020869,4.8025783910208695,0.2792262749406063,0.22218770825042267,1.072109258912755,1.565950317858901,8.0,0.006944444444444444,0.27228183049616206,0.26738273830084003,6.441753533855721,4.841874882147732,4.841874882147733,0.26738273830084,0.21501032634672806,1.084951545082293,1.5680227399445503,6.0,0.006944444444444444,0.2604382938563956,0
nih_ap,nih_ap,0.9999999999999993,1.3493575361575808e-07,1.4600096599955427e-07,7.254693979958086e-15,0.9999999999999998,0.0,1.8920350425520126e-08,4.4703483581542975e-08,32.0,32.0,0.0625,0.9374999999999993,0.5370346133453594,4.875451832361745,3.849011869681425,3.8490118696814246,0.5370346133453593,0.04129692192483798,0.7508201361285598,1.5631375080575505,17.0,0.006944444444444444,0.530090168900915,0.6139570421459397,4.463271296261493,3.5147367826524265,3.5147367826524274,0.6139570421459396,0.026696976479878422,0.6497435985242241,1.5344944140882952,21.0,0.006944444444444444,0.6070125977014953,0.9999999999999996,1.1638178938488147e-07,1.1920928955078125e-07,8.183255774301851e-15,1.0000000000000002,0.0,1.476868489501168e-08,3.332000937312528e-08,32.0,0.006944444444444444,0.9930555555555551,0
nih_ap,indiana,0.5532057743508919,4.654877734776316,3.7811923014799786,3.7811923014799795,0.5532057743508917,0.14720732077928786,0.7350795093219118,1.5657917547268385,20.0,32.0,0.0625,0.4907057743508919,0.2777606423318469,6.402179355464647,4.807458730491703,4.807458730491704,0.27776064233184683,0.23309402850048602,1.0751427972446141,1.55937283066487,8.0,0.006944444444444444,0.27081619788740247,0.2672487669587462,6.4572271058962984,4.8423175708869115,4.842317570886913,0.26724876695874616,0.2626062722865382,1.0885028627306719,1.5685397749183911,7.0,0.006944444444444444,0.2603043225143018,0.3056162022195756,6.225371316530166,4.713839361812575,4.713839361812575,0.30561620221957564,0.21091965720770361,1.0393416057458986,1.56342408076935,9.0,0.006944444444444444,0.29867175777513116,0
indiana,kermany_peds,0.4654734849228034,5.171285450285738,4.135800827224432,4.135800827224433,0.46547348492280305,0.1657668045613047,0.835692633563595,1.5235270750696788,15.0,32.0,0.0625,0.4029734849228034,0.2686260755034744,6.395969196631163,4.83776452340219,4.837764523402191,0.2686260755034744,0.34562252560139123,1.0831315112760933,1.5699207937532214,8.0,0.006944444444444444,0.26168163105903,0.2581765338148768,6.471412968481154,4.87220185521125,4.872201855211249,0.25817653381487676,0.34086351839618245,1.0972954359434306,1.5656859026865593,7.0,0.006944444444444444,0.2512320893704324,0.2939462718518266,6.197206344964904,4.753285106191459,4.75328510619146,0.2939462718518265,0.3184772228706001,1.0470955440733223,1.5601287455223671,8.0,0.006944444444444444,0.28700182740738217,0
indiana,covid_viral,0.6663546524694713,3.9813180712235403,3.2675145173322364,3.2675145173322377,0.6663546524694713,0.06116507318141008,0.5852504613349291,1.4928351105464646,23.0,32.0,0.0625,0.6038546524694713,0.3768704558625524,5.868426728083085,4.465438994365316,4.465438994365316,0.37687045586255247,0.17692473690446986,0.9555288980339603,1.55706862824222,13.0,0.006944444444444444,0.369926011418108,0.348135403772158,6.010825599282794,4.567238452204017,4.567238452204017,0.34813540377215807,0.17914178341746217,0.9887853306872538,1.5527674424480555,11.0,0.006944444444444444,0.3411909593277136,0.5022026516709847,5.123535433677678,3.9911796685351675,3.9911796685351697,0.5022026516709843,0.15007721191893403,0.8038657812065957,1.5592331903962076,18.0,0.006944444444444444,0.49525820722654024,0
indiana,covid_opacity,0.6512821647839973,4.062446206636297,3.340504561725981,3.340504561725983,0.6512821647839969,0.0721677346708426,0.6083249663262151,1.4923972212790793,23.0,32.0,0.0625,0.5887821647839973,0.4388533016840812,5.404449284285041,4.237533993504878,4.237533993504878,0.43885330168408127,0.1835514062634559,0.8744925090859996,1.5265848885143012,14.0,0.006944444444444444,0.4319088572396368,0.37470329633023186,5.868431431136553,4.473197348366443,4.473197348366443,0.374703296330232,0.1851210715209446,0.957508934505679,1.5565481210234287,12.0,0.006944444444444444,0.36775885188578744,0.52820276295204,4.902376013062844,3.8855516449449903,3.8855516449449903,0.5282027629520402,0.1476447579068193,0.7677924385243269,1.5577725370967752,18.0,0.006944444444444444,0.5212583185075956,0
indiana,covid_covid,0.7361973541669686,3.4207759470715544,2.9054577378886455,2.9054577378886455,0.7361973541669686,0.06094453050049214,0.500041111207238,1.5134970769836533,26.0,32.0,0.0625,0.6736973541669686,0.4736580927052788,5.272491869214068,4.104015233089551,4.104015233089551,0.4736580927052789,0.1502758834830869,0.8364535491064533,1.553575898944027,16.0,0.006944444444444444,0.4667136482608344,0.4346497547533723,5.462766743310551,4.2533760529598235,4.253376052959824,0.4346497547533724,0.15782888843651882,0.8803364352824132,1.5533451667982403,15.0,0.006944444444444444,0.4277053103089279,0.5115625355716232,4.995711278844123,3.953479336193381,3.953479336193381,0.511562535571623,0.15546986777672264,0.7892281890666268,1.5463861206368177,17.0,0.006944444444444444,0.5046180911271788,0
indiana,tb_qatar,0.7177050350925462,3.6631899496281344,3.0055679791078624,3.005567979107861,0.7177050350925461,0.05802512206653636,0.5256540955796936,1.559280425017836,25.0,32.0,0.0625,0.6552050350925462,0.44401060807453663,5.4527235374228775,4.218016185556289,4.218016185556288,0.44401060807453663,0.15769186824202186,0.8720083802365067,1.5635692276989397,14.0,0.006944444444444444,0.4370661636300922,0.3944140253969864,5.742886202052889,4.402130301035674,4.4021303010356725,0.3944140253969865,0.16111119255550183,0.9308608628074985,1.5679054855310408,12.0,0.006944444444444444,0.38746958095254197,0.551678870676183,4.7625284089371345,3.78764783716255,3.787647837162549,0.5516788706761829,0.13571533128109373,0.7409475496976106,1.5608764998882245,19.0,0.006944444444444444,0.5447344262317386,0
indiana,shenzhen,0.5961603892935121,4.435584136674269,3.594839014838858,3.59483901483886,0.5961603892935119,0.08680473329451488,0.6815904547621661,1.5476369262084935,21.0,32.0,0.0625,0.5336603892935121,0.3892659093108375,5.755218798841668,4.420802065468799,4.4208020654688,0.3892659093108373,0.21842660320808321,0.9405564699873618,1.5435085827584034,12.0,0.006944444444444444,0.38232146486639307,0.3568577097087654,5.991152038152664,4.536579470186707,4.536579470186709,0.35685770970876524,0.21547348318781076,0.9839289029760577,1.563714936008618,12.0,0.006944444444444444,0.349913265264321,0.38464627506678906,5.869591367646713,4.4374901912976386,4.4374901912976386,0.3846462750667889,0.2038268989284779,0.9524455704209298,1.5637935593040322,13.0,0.006944444444444444,0.37770183062234464,0
indiana,nih_pa,0.7388822858502084,3.464549575873252,2.8906343339816143,2.8906343339816134,0.7388822858502085,0.05618607020764923,0.4968500610892001,1.5364200161139039,26.0,32.0,0.0625,0.6763822858502084,0.47392342391723885,5.305414234378711,4.1029806768553465,4.102980676855346,0.47392342391723913,0.14796732288695805,0.8382502191102477,1.5501045024819509,16.0,0.006944444444444444,0.46697897947279443,0.41594995561216913,5.624533199351578,4.323147166175423,4.323147166175423,0.415949955612169,0.1643678540531425,0.9069079244304277,1.5572101704256194,13.0,0.006944444444444444,0.4090055111677247,0.5426306523833101,4.800825622746351,3.8256789101719026,3.825678910171903,0.5426306523833102,0.14204633025826596,0.7506214964598823,1.5661789722750716,19.0,0.006944444444444444,0.5356862079388657,0
indiana,nih_ap,0.6017802285227456,4.384051914494411,3.569738462026615,3.569738462026617,0.6017802285227456,0.1105066664019464,0.6746142203950845,1.553979546910011,22.0,32.0,0.0625,0.5392802285227456,0.46171398753994364,5.249350254080528,4.150319553808092,4.150319553808094,0.4617139875399435,0.19521507741468097,0.849001300981672,1.5622909425126557,16.0,0.006944444444444444,0.4547695430954992,0.43229482483654114,5.405367988439285,4.262225428720386,4.262225428720388,0.4322948248365409,0.20519283743879616,0.8812500167054595,1.5230283829132292,14.0,0.006944444444444444,0.4253503803920967,0.46235469710546834,5.23022113866745,4.147848803009219,4.147848803009221,0.46235469710546834,0.18868887791523672,0.846445664266749,1.5039149600157158,16.0,0.006944444444444444,0.4554102526610239,0
indiana,indiana,0.9999999999999998,9.18569267238524e-08,8.429369702178807e-08,6.973258126598416e-15,1.0000000000000002,0.0,1.0195001731569992e-08,4.712160915387242e-08,32.0,32.0,0.0625,0.9374999999999998,0.5487220367875072,4.878615035169753,3.8001177380180957,3.800117738018098,0.5487220367875072,0.07943063292564714,0.7432399864190969,1.5689324621755496,19.0,0.006944444444444444,0.5417775923430628,0.5319814691815964,4.942655127213512,3.8699603339296536,3.869960333929653,0.5319814691815963,0.08019474476207109,0.7641534257393698,1.5611186403192245,19.0,0.006944444444444444,0.525037024737152,0.9999999999999994,1.3244441773467643e-07,1.3328003749250113e-07,8.115854995135072e-15,0.9999999999999998,0.0,1.7649721033472654e-08,4.2146848510894035e-08,32.0,0.006944444444444444,0.993055555555555,0
