source,target,zeroshot_auc,zeroshot_auprc,zeroshot_balanced_acc,zeroshot_brier,probe_auc,probe_auprc,probe_balanced_acc,auc_source_on_source,pair_failed,pred_entropy_mean,pred_entropy_std,pred_conf_mean,pred_conf_std,pred_frac_confident,pred_positive_rate,pred_prob_mean,pred_prob_std,pseudo_silhouette,pseudo_davies_bouldin,pseudo_fisher,pseudo_collapsed,pseudo_minority_rate,tgt_kmeans_silhouette,tgt_kmeans_balance,tgt_kmeans_inertia_ratio,tgt_eff_rank,tgt_spec_decay,tgt_feat_norm_mean,tgt_feat_norm_std,src_eff_rank,src_spec_decay,src_feat_norm_mean,src_feat_norm_std,mmd,coral,frechet,a_distance,mean_cosine,mean_shift,norm_ratio,delta_eff_rank,delta_spec_decay,delta_feat_norm_mean
kermany_peds,kermany_peds,0.9961741007461992,0.9980264405754142,0.9827834533578965,0.010545406221804589,0.9946668155343419,0.9975269469127328,0.9754331118926665,0.9961741007461992,0,0.007647673133760691,0.03159378841519356,0.9983814358711243,0.010672451928257942,0.9976290832455216,0.7299789251844047,0.7295066118240356,0.44252079725265503,0.6870197653770447,0.49705576750900266,3.301159143447876,0.0,0.27002107481559534,0.6858551502227783,0.526,0.2380714177847408,2.650808572769165,-1.4712636050939192,25.50297737121582,7.6266770362854,2.650808572769165,-1.4712635984238867,25.50297737121582,7.6266770362854,0.0011322067787192802,6.255454452563201e-06,0.13094862296933582,0.0,0.9999170303344727,0.26295536756515503,0.9981936812400818,0.0,6.670032526301384e-09,0.0
kermany_peds,covid_viral,0.9941629647526535,0.9845016351681193,0.91506646971935,0.09863305795026556,0.9999670534228748,0.9999166140488468,0.999261447562777,0.9961741007461992,0,0.12076845020055771,0.19818605482578278,0.9507526755332947,0.10296882688999176,0.8373983739837398,0.4159349593495935,0.42326006293296814,0.45595118403434753,0.4528926908969879,0.811199026176499,1.2157028913497925,0.0,0.4159349593495935,0.4556173086166382,0.905,0.44184035009396566,3.6867871284484863,-1.4457182201544165,22.17594337463379,6.9180402755737305,2.650808572769165,-1.4712635984238867,25.50297737121582,7.6266770362854,0.19036306829887972,0.010983571683330806,100.92343132133202,1.2224869007549195,0.8970850706100464,8.724308967590332,0.8739174604415894,-1.0359785556793213,-0.02554537826947012,3.3270339965820312
kermany_peds,covid_opacity,0.9498844381651882,0.9695415941493113,0.8787056089948704,0.08933343290919676,0.9620270456536936,0.9788112941945729,0.8958109757898571,0.9961741007461992,0,0.11126567423343658,0.191308856010437,0.9545976519584656,0.10121095925569534,0.862,0.6554,0.6528576016426086,0.43992865085601807,0.4944351315498352,0.8026084190211036,1.3247829675674438,0.0,0.3446,0.4897186756134033,0.629,0.4443500230501052,4.570650577545166,-1.3770129966917162,20.78117561340332,5.552557945251465,2.650808572769165,-1.4712635984238867,25.50297737121582,7.6266770362854,0.13786020295990065,0.020045181716355373,73.15730851031162,1.8649952100212448,0.9614129662513733,5.7424445152282715,0.8237757086753845,-1.919842004776001,-0.09425060173217048,4.7218017578125
kermany_peds,covid_covid,0.898771340016759,0.917547262277625,0.8229659468354686,0.1446378370116259,0.9851631987561963,0.9869982879217916,0.9361096808714703,0.9961741007461992,0,0.1518668532371521,0.21719074249267578,0.9359272718429565,0.11737863719463348,0.7981210399825213,0.4985798558007428,0.5014321804046631,0.45145127177238464,0.4230289161205292,0.8809719305103498,1.0945003032684326,0.0,0.4985798558007428,0.4295881986618042,0.9219999999999999,0.47068070838029236,4.254324436187744,-1.4117696775214374,20.66460609436035,6.342560768127441,2.650808572769165,-1.4712635984238867,25.50297737121582,7.6266770362854,0.20275167044523834,0.018442203755139122,104.48449766244597,1.769992012798261,0.9141858816146851,8.099614143371582,0.8127846717834473,-1.603515863418579,-0.059493920902449204,4.838371276855469
kermany_peds,tb_qatar,0.8328469387755103,0.58194016563813,0.7678571428571429,0.17672633246010935,0.999234693877551,0.995911529354345,0.9857142857142858,0.9961741007461992,0,0.16731573641300201,0.21894609928131104,0.9304782152175903,0.11891898512840271,0.7783882783882784,0.28315018315018314,0.29318881034851074,0.39583122730255127,0.3659764230251312,0.9480750616595064,0.731397807598114,0.0,0.28315018315018314,0.37469518184661865,0.996,0.5178051350950341,4.868934631347656,-1.4084313118562888,21.491586685180664,6.549032688140869,2.650808572769165,-1.4712635984238867,25.50297737121582,7.6266770362854,0.3893630019502359,0.028100933678916466,219.06087375208386,1.9624859169940017,0.7889730334281921,12.571845054626465,0.8427914381027222,-2.218126058578491,-0.06283228656759787,4.011390686035156
kermany_peds,shenzhen,0.47233065442020666,0.5245418608628707,0.4902411021814007,0.4701703159464927,0.9005740528128587,0.9008283877868993,0.8405281285878301,0.9961741007461992,0,0.126566544175148,0.2073313593864441,0.9468093514442444,0.10880830883979797,0.8329466357308585,0.1136890951276102,0.12487384676933289,0.26600411534309387,0.3087267279624939,0.8302991496454613,0.35030439496040344,0.0,0.1136890951276102,0.42359691858291626,0.877030162412993,0.4533772404046876,3.59256649017334,-1.5991655763315882,24.377351760864258,7.983980178833008,2.650808572769165,-1.4712635984238867,25.50297737121582,7.6266770362854,0.5267384452591053,0.034297236151224104,390.08256146600496,1.951227424683006,0.6765212416648865,17.460128784179688,0.9558629989624023,-0.9417579174041748,0.12790197790770153,1.1256256103515625
kermany_peds,nih_pa,0.6730908862733849,0.6077914958667974,0.6145468235969056,0.294541976661974,0.6460643437883773,0.5848611670284309,0.5982771139417518,0.9961741007461992,0,0.20143388211727142,0.23209381103515625,0.9137571454048157,0.13086609542369843,0.7352674524025385,0.2669990933816863,0.2890428602695465,0.3792334198951721,0.32163262367248535,0.9384911743075757,0.6176798939704895,0.0,0.2669990933816863,0.40337079763412476,0.807,0.4927293471318897,4.530689239501953,-1.4024318197882073,20.249313354492188,6.561431407928467,2.650808572769165,-1.4712635984238867,25.50297737121582,7.6266770362854,0.46066683933152885,0.033104967623615145,240.9454517441106,1.9649968496227745,0.7734826803207397,12.855420112609863,0.7978482842445374,-1.879880666732788,-0.06883177863567935,5.253664016723633
kermany_peds,nih_ap,0.7059354547506206,0.6997913875496375,0.5948790545946944,0.3531563811445845,0.6481196528589892,0.6509005896735285,0.6057323403294967,0.9961741007461992,0,0.13337312638759613,0.20766879618167877,0.9441111087799072,0.11161128431558609,0.8214037526059764,0.8401667824878388,0.8320205807685852,0.3153632879257202,0.40710076689720154,0.9593993452967672,0.5677139759063721,0.0,0.15983321751216123,0.37452346086502075,0.6087560806115357,0.5861375785990427,10.021566390991211,-1.339778426839028,20.315763473510742,3.2949435710906982,2.650808572769165,-1.4712635984238867,25.50297737121582,7.6266770362854,0.18391237991328724,0.04592556274388324,140.28060555492095,1.9874968671899338,0.955625593662262,5.871403217315674,0.7966036200523376,-7.370757818222046,-0.13148517158485862,5.187213897705078
kermany_peds,indiana,0.6574627512127512,0.7528982513916368,0.6094652344652345,0.3819341042900299,0.7318881381381381,0.8087892654715756,0.6571667821667821,0.9961741007461992,0,0.19316715002059937,0.22842887043952942,0.9190133810043335,0.12436917424201965,0.7303506650544136,0.33454252317613864,0.3366762101650238,0.40541982650756836,0.34530407190322876,0.9334782655969609,0.7633368968963623,0.0,0.33454252317613864,0.42566004395484924,0.794,0.4688835420784196,4.048893451690674,-1.4203429796434568,20.791452407836914,7.3533830642700195,2.650808572769165,-1.4712635984238867,25.50297737121582,7.6266770362854,0.36483205464594404,0.02726664895356078,209.96839004369656,1.9624999707214013,0.7965686321258545,12.17286205291748,0.8113971948623657,-1.3980848789215088,-0.05092061878042986,4.711524963378906
covid_viral,kermany_peds,0.9858352407004223,0.991654134874892,0.9534546604886581,0.024729975310360787,0.9946184335398873,0.9972343638711914,0.9707437801224437,0.9999011602686244,0,0.041733283549547195,0.11955916881561279,0.9843804836273193,0.06077156588435173,0.9567966280295047,0.7473656480505796,0.7461912631988525,0.4215536117553711,0.598648190498352,0.5684311248817323,1.9707380533218384,0.0,0.25263435194942047,0.6011581420898438,0.51,0.3314981811119863,2.6672589778900146,-1.5218816930707681,29.95524787902832,7.900742530822754,3.061985492706299,-1.5115258321414249,26.5628719329834,5.964169025421143,0.3435268780530193,0.026147276188225328,369.1412701536324,1.2174884583763728,0.7536588907241821,16.943410873413086,1.1250391006469727,0.3947265148162842,0.010355860929343264,-3.392375946044922
covid_viral,covid_viral,0.9999011602686244,0.9997491199776908,0.9948054230065948,0.0029941595790892194,0.999917633557187,0.9997911015129224,0.9948054230065948,0.9999011602686244,0,0.005658376961946487,0.02597046084702015,0.9988449811935425,0.007443160284310579,0.9986991869918699,0.2842276422764228,0.2836994230747223,0.44957277178764343,0.6479238867759705,0.5240829676966983,2.3859801292419434,0.0,0.2842276422764228,0.6497750282287598,0.567,0.29068636918887897,3.061985492706299,-1.5115258308763597,26.5628719329834,5.964169025421143,3.061985492706299,-1.5115258321414249,26.5628719329834,5.964169025421143,0.0014928707367047878,4.429542086674186e-05,0.29703950318665867,0.0,0.999912440776825,0.27206867933273315,1.0038161277770996,0.0,-1.2650651637358123e-09,0.0
covid_viral,covid_opacity,0.7145782669909126,0.7858032015066845,0.4990289852218689,0.633129318031535,0.9597539603619215,0.9777855443989638,0.8983535822938101,0.9999011602686244,0,0.014413070864975452,0.060249269008636475,0.9957284927368164,0.02789880521595478,0.99,0.0022,0.0052886540070176125,0.04225943610072136,0.40023455023765564,0.7735889949777953,0.0082446513697505,0.0,0.0022,0.20566369593143463,0.983,0.7673873088237729,15.009763717651367,-1.4506139007152936,21.709453582763672,3.798907518386841,3.061985492706299,-1.5115258321414249,26.5628719329834,5.964169025421143,0.12711881757461463,0.050957430650185424,217.21522528212873,0.9724664057357946,0.9246350526809692,7.957277774810791,0.82070392370224,-11.947778224945068,-0.06091193142613127,4.853418350219727
covid_viral,covid_covid,0.7765009944372091,0.7769895860388121,0.5185954710199796,0.4781031665629952,0.9852722334958759,0.9840524410389021,0.9437552372010378,0.9999011602686244,0,0.03822705149650574,0.12021925300359726,0.9850901961326599,0.060181837528944016,0.9554293205156216,0.020974437404413373,0.02636389434337616,0.12084385007619858,0.4002324938774109,0.8918847604992324,0.0782279297709465,0.0,0.020974437404413373,0.3141791522502899,0.616,0.7210388065166434,11.30160903930664,-1.4674894505911154,21.961755752563477,4.4985833168029785,3.061985492706299,-1.5115258321414249,26.5628719329834,5.964169025421143,0.0988777890564927,0.04743310601815771,189.39236102555958,0.7550037125263214,0.9303925633430481,7.604727268218994,0.823654294013977,-8.239623546600342,-0.044036381550309533,4.601116180419922
covid_viral,tb_qatar,0.6352755102040817,0.4217843734159914,0.5035714285714286,0.15934888848897177,0.9977755102040816,0.991042036413335,0.9628571428571429,0.9999011602686244,0,0.007923991419374943,0.057608071714639664,0.9968792200088501,0.028646210208535194,0.9904761904761905,0.003663003663003663,0.004551702179014683,0.04733407869935036,0.5326662659645081,0.5882334275998665,0.026884688064455986,0.0,0.003663003663003663,0.15911510586738586,0.819,0.8184825084294405,19.51398468017578,-1.476776966793837,24.21784019470215,3.2829809188842773,3.061985492706299,-1.5115258321414249,26.5628719329834,5.964169025421143,0.09333647116580612,0.052714777920064404,274.68243774923144,0.8774678930886108,0.905232310295105,9.891210556030273,0.9128919839859009,-16.451999187469482,-0.03474886534758781,2.34503173828125
covid_viral,shenzhen,0.8048220436280137,0.8218029708290011,0.5074626865671642,0.4960918100023181,0.9253731343283582,0.9397607594722781,0.840987370838117,0.9999011602686244,0,0.00752574997022748,0.04876887425780296,0.9973984956741333,0.026792529970407486,0.9953596287703016,0.0,0.002601496409624815,0.026792531833052635,,,,1.0,0.0,0.27808040380477905,0.9651972157772621,0.6683938295902044,12.327187538146973,-1.5922982144892526,22.120779037475586,3.3416543006896973,3.061985492706299,-1.5115258321414249,26.5628719329834,5.964169025421143,0.18506386166648192,0.053370503993443605,263.95729684794753,1.9220066069273831,0.9100440144538879,8.943366050720215,0.832770586013794,-9.265202045440674,0.08077238234782769,4.4420928955078125
covid_viral,nih_pa,0.6055559041566195,0.5155958063566978,0.5,0.41437502131693327,0.6415733660819133,0.5741122313252489,0.6125119893865916,0.9999011602686244,0,0.0021064479369670153,0.010643275454640388,0.9996607899665833,0.0024574333801865578,1.0,0.0,0.0003391812206245959,0.0024574329145252705,,,,1.0,0.0,0.17655490338802338,0.886,0.7914486555403851,17.698671340942383,-1.4766257798002282,23.55449676513672,3.336902141571045,3.061985492706299,-1.5115258321414249,26.5628719329834,5.964169025421143,0.107836332368205,0.053980089627288896,281.85640090183136,1.2074587815886804,0.9051008820533752,9.681879043579102,0.8871691226959229,-14.636685848236084,-0.03490005234119664,3.0083751678466797
covid_viral,nih_ap,0.6337785437311503,0.6248700296731338,0.5,0.5194202082379672,0.6122566217352947,0.5911719887319834,0.5785273178638108,0.9999011602686244,0,0.010336273349821568,0.05077385529875755,0.9970483183860779,0.021656583994627,0.9916608756080612,0.001389854065323141,0.003581512253731489,0.03308621421456337,,,,1.0,0.001389854065323141,0.2071935087442398,0.9826268241834608,0.7491247239577518,17.062467575073242,-1.4350667462717508,22.590391159057617,3.960494041442871,3.061985492706299,-1.5115258321414249,26.5628719329834,5.964169025421143,0.14078257015275952,0.05192165525658603,251.3327832960257,1.6999950811954103,0.910275936126709,8.964776992797852,0.8504498600959778,-14.000482082366943,-0.07645908586967409,3.9724807739257812
covid_viral,indiana,0.6084546084546085,0.7096484818793063,0.5010683760683761,0.6108264111053291,0.6888282513282513,0.7777813500203469,0.6417908292908292,0.9999011602686244,0,0.001982397399842739,0.019100485369563103,0.9995161294937134,0.008949135430157185,0.9991938734381298,0.0,0.0004838081367779523,0.008949135430157185,,,,1.0,0.0,0.1713227778673172,0.905,0.8000286789849059,20.094087600708008,-1.4730161596459586,23.505508422851562,3.0444881916046143,3.061985492706299,-1.5115258321414249,26.5628719329834,5.964169025421143,0.12405969557907193,0.055153521480984596,306.811201461133,1.6775044327798505,0.8889297842979431,10.407368659973145,0.8833405375480652,-17.03210210800171,-0.03850967249546633,3.057363510131836
covid_opacity,kermany_peds,0.9714695100392637,0.9888171137246959,0.7223282904408344,0.34357779426687757,0.9931595303224845,0.9973815813942474,0.9571168052996892,0.9779478728745977,0,0.17832842469215393,0.23188549280166626,0.9225555658340454,0.12758518755435944,0.7484193888303478,0.33456269757639623,0.3383670747280121,0.41073834896087646,0.3053344786167145,1.0012686201893697,0.6574802398681641,0.0,0.33456269757639623,0.4643377661705017,0.6970000000000001,0.4489061441620057,4.080517292022705,-1.3987774648025255,23.41977310180664,8.556809425354004,3.3567609786987305,-1.4140157454081184,24.550500869750977,6.361023902893066,0.25599245989765707,0.01644356889464306,211.1867410043965,1.8750061485057379,0.8000255823135376,12.584686279296875,0.9568652510643005,-0.7237563133239746,-0.015238280605592847,1.130727767944336
covid_opacity,covid_viral,0.8296936517436976,0.6767184903662651,0.6842372592840709,0.17705563660103954,0.9985064218369912,0.9969947682391967,0.984034637834751,0.9779478728745977,0,0.11939643323421478,0.19587202370166779,0.9517163634300232,0.10172007232904434,0.8445528455284553,0.17365853658536584,0.18357354402542114,0.3380368947982788,0.3224296271800995,0.9639702412034429,0.4242604970932007,0.0,0.17365853658536584,0.36170145869255066,0.904,0.577368999815738,4.811310291290283,-1.4325189659328499,23.216354370117188,7.766949653625488,3.3567609786987305,-1.4140157454081184,24.550500869750977,6.361023902893066,0.2617094536982665,0.016144452580939595,246.8856004658438,0.9675054399636474,0.7535444498062134,13.987812995910645,0.9500215649604797,-1.4545493125915527,0.018503220524731523,1.334146499633789
covid_opacity,covid_opacity,0.9779478728745977,0.9871169740625709,0.9311256387283522,0.05355720589265703,0.9752483533361558,0.9831149843965421,0.9256244523427424,0.9779478728745977,0,0.019598595798015594,0.062334492802619934,0.9947121143341064,0.028518451377749443,0.9904,0.637,0.6370435357093811,0.47620630264282227,0.6125484704971313,0.5976927082815433,2.33376145362854,0.0,0.363,0.6099527478218079,0.703,0.3047681144599066,3.281423807144165,-1.420484534022857,24.70804214477539,6.324306488037109,3.3567609786987305,-1.4140157454081184,24.550500869750977,6.361023902893066,0.0017183358913305247,0.0002310418851963605,1.4070881814338396,0.0,0.9986830949783325,0.9898006916046143,1.0120699405670166,0.07533717155456543,0.006468788614738541,-0.15754127502441406
covid_opacity,covid_covid,0.9056041837033447,0.9309541003540065,0.8441701749603739,0.13910891578806028,0.9834448920253204,0.9851674355346104,0.938299461893368,0.9779478728745977,0,0.09130925685167313,0.17784395813941956,0.9628582000732422,0.09315431863069534,0.8859514966135023,0.41861481319641686,0.42215201258659363,0.4656771123409271,0.47825369238853455,0.7814037742803067,1.3042536973953247,0.0,0.41861481319641686,0.49212971329689026,0.9019999999999999,0.41400900105442096,3.4215898513793945,-1.4318220320852324,23.36183738708496,7.850131034851074,3.3567609786987305,-1.4140157454081184,24.550500869750977,6.361023902893066,0.07797697279756699,0.0010494295941010712,58.64343827692947,0.9200319488069559,0.9255754947662354,7.309798717498779,0.9453298449516296,-0.06482887268066406,0.017806286677114036,1.1886634826660156
covid_opacity,tb_qatar,0.9029795918367347,0.7522620368147592,0.8321428571428571,0.09602270400742817,0.9983877551020408,0.9924933176261356,0.9764285714285714,0.9779478728745977,0,0.09579513967037201,0.175272598862648,0.962509274482727,0.09068042784929276,0.8838827838827839,0.18717948717948718,0.19508935511112213,0.3593985140323639,0.46942347288131714,0.7896266205133102,0.8348610401153564,0.0,0.18717948717948718,0.4355149567127228,0.769,0.4792578369393486,3.7027390003204346,-1.4108394026089948,22.99445343017578,7.4521260261535645,3.3567609786987305,-1.4140157454081184,24.550500869750977,6.361023902893066,0.3046415940856506,0.011859090816155599,234.81857840281234,1.1775337113786004,0.7514703869819641,14.076292037963867,0.938555121421814,-0.3459780216217041,-0.0031763427991235993,1.5560474395751953
covid_opacity,shenzhen,0.7908151549942595,0.8132343730026255,0.6117106773823192,0.36143519535083174,0.9462686567164179,0.9497056226969679,0.8337543053960965,0.9779478728745977,0,0.08712124079465866,0.16456036269664764,0.9666370153427124,0.08584839105606079,0.9048723897911833,0.14849187935034802,0.16074897348880768,0.33170589804649353,0.4630410075187683,0.7721492576635035,0.6810373067855835,0.0,0.14849187935034802,0.41531744599342346,0.7424593967517401,0.5092363839136573,3.5315303802490234,-1.5889469775131364,22.75252914428711,7.282993793487549,3.3567609786987305,-1.4140157454081184,24.550500869750977,6.361023902893066,0.33915936621110687,0.01408078714733255,261.74765843565285,1.8895179316756674,0.7254592776298523,14.84252643585205,0.9267643690109253,-0.17476940155029297,0.17493123210501804,1.7979717254638672
covid_opacity,nih_pa,0.6954023503679733,0.6291497788705345,0.6689450236202121,0.2795036621409474,0.6494168900203483,0.5638327789261366,0.6191677797000636,0.9779478728745977,0,0.09244366735219955,0.17432831227779388,0.963470995426178,0.09063855558633804,0.886672710788758,0.27651858567543064,0.2807617783546448,0.41827651858329773,0.5052801370620728,0.7406379650157885,1.2640252113342285,0.0,0.27651858567543064,0.49825409054756165,0.663,0.4287478851102222,3.1176531314849854,-1.4186109147320736,22.712003707885742,7.244033336639404,3.3567609786987305,-1.4140157454081184,24.550500869750977,6.361023902893066,0.22505488773066384,0.005454538519003903,157.19576079649852,1.2325306312700124,0.8178894519805908,11.667400360107422,0.9276764392852783,0.23910784721374512,0.004595169323955206,1.8384971618652344
covid_opacity,nih_ap,0.7488869740054573,0.7154128709437511,0.6684310949713793,0.29078094073760324,0.6868960423462793,0.6862204807911246,0.6502533801112,0.9779478728745977,0,0.10543607920408249,0.18871022760868073,0.9570551514625549,0.0980871319770813,0.8700486448922863,0.7206393328700487,0.7210057377815247,0.4119186997413635,0.47416967153549194,0.7863408357195345,1.140734076499939,0.0,0.27936066712995133,0.4698566496372223,0.6615705350938151,0.4555810994690734,4.282334327697754,-1.3616448337771718,21.194791793823242,6.186097145080566,3.3567609786987305,-1.4140157454081184,24.550500869750977,6.361023902893066,0.03417310475169211,0.008013962889461188,32.7712263710161,1.0374883178390988,0.9912585020065308,2.910759449005127,0.8633140325546265,-0.9255733489990234,-0.05237091163094654,3.3557090759277344
covid_opacity,indiana,0.7386521136521137,0.818450241813669,0.6001819126819127,0.4536637500672413,0.701923076923077,0.7931399951513263,0.6422383922383923,0.9779478728745977,0,0.11111654341220856,0.19239911437034607,0.9543686509132385,0.1019601821899414,0.8597339782345829,0.1664651350261991,0.17709578573703766,0.3355288505554199,0.430905818939209,0.8068808243873302,0.6710949540138245,0.0,0.1664651350261991,0.4326460659503937,0.826,0.47434607821435376,3.5729167461395264,-1.4381281689173533,22.571285247802734,7.6546454429626465,3.3567609786987305,-1.4140157454081184,24.550500869750977,6.361023902893066,0.31130073673541936,0.01491155894554159,261.1264832903572,1.7075372482333293,0.7301000356674194,14.651751518249512,0.9185653328895569,-0.2161557674407959,0.024112423509234926,1.9792156219482422
covid_covid,kermany_peds,0.9403338357617372,0.9682083366950146,0.7500753642605928,0.2932176080698707,0.9864418764770465,0.9923623113022643,0.9404864251288636,0.999507324509596,0,0.18407811224460602,0.23480293154716492,0.919779896736145,0.12908272445201874,0.7449947312961012,0.3925184404636459,0.3930892050266266,0.42596662044525146,0.37742355465888977,0.9130891051360134,0.9609062671661377,0.0,0.3925184404636459,0.4362427294254303,0.829,0.45599349192893596,4.1626691818237305,-1.3554027504945925,18.377578735351562,5.426014423370361,3.1764607429504395,-1.5409760125644876,27.799406051635742,6.56779670715332,0.2681877914499874,0.059170086130804725,205.93771633158124,1.834995186598365,0.9061322212219238,8.858684539794922,0.6640793681144714,-0.986208438873291,-0.1855732620698951,9.42182731628418
covid_covid,covid_viral,0.9703425894911402,0.9416420596453415,0.79332337614558,0.10212397670274037,0.9997034808058733,0.9992500624202294,0.984034637834751,0.999507324509596,0,0.07264186441898346,0.16774144768714905,0.9694393873214722,0.08706378936767578,0.9001626016260162,0.1534959349593496,0.15655751526355743,0.331663578748703,0.38242802023887634,0.7943398432632562,0.5567313432693481,0.0,0.1534959349593496,0.3848797678947449,0.6890000000000001,0.5388773566381138,4.788748741149902,-1.4777715084857113,24.110918045043945,7.774831771850586,3.1764607429504395,-1.5409760125644876,27.799406051635742,6.56779670715332,0.17182755389514304,0.05043639019032851,265.68699992108725,0.7950146744336934,0.8078460693359375,12.84951114654541,0.8708754777908325,-1.612287998199463,-0.06320450407877631,3.688488006591797
covid_covid,covid_opacity,0.7808029516880151,0.8441248730003711,0.5331843377408462,0.5631358229284199,0.9467320245350452,0.966898482740681,0.875286750878713,0.999507324509596,0,0.0802387148141861,0.16929347813129425,0.9676384925842285,0.08665739744901657,0.898,0.0628,0.07241175323724747,0.20823900401592255,0.25097882747650146,0.99096398772959,0.14900314807891846,0.0,0.0628,0.2992303967475891,0.7869999999999999,0.6555406940944972,7.311557292938232,-1.452563011522619,22.8529109954834,6.56021785736084,3.1764607429504395,-1.5409760125644876,27.799406051635742,6.56779670715332,0.26153021784680386,0.07458393236263662,341.10384868833694,1.0575476714144845,0.7878877520561218,13.354013442993164,0.8246034979820251,-4.135096549987793,-0.08841300104186867,4.946495056152344
covid_covid,covid_covid,0.999507324509596,0.9995550160879125,0.9922009873701427,0.007062591011180727,0.999483094567445,0.9995370030476505,0.9922009873701427,0.999507324509596,0,0.0022610221058130264,0.00965812522917986,0.999648928642273,0.002139790914952755,1.0,0.513655232685165,0.5136768221855164,0.49946630001068115,0.6139264702796936,0.5816051286170799,2.6700363159179688,0.0,0.48634476731483506,0.6097949743270874,0.959,0.27832555887463517,3.1764607429504395,-1.5409760108511041,27.799406051635742,6.56779670715332,3.1764607429504395,-1.5409760125644876,27.799406051635742,6.56779670715332,0.0012248622350429228,3.888869022221727e-05,0.276335745695661,0.0,0.9998456835746765,0.35759785771369934,1.0046972036361694,0.0,-1.7133834351312771e-09,0.0
covid_covid,tb_qatar,0.9940204081632653,0.9745057428934685,0.9085714285714286,0.028662075493186962,0.9999591836734694,0.9997991294419866,0.9957142857142858,0.999507324509596,0,0.029626067727804184,0.10778019577264786,0.9882320761680603,0.05486177280545235,0.9648351648351648,0.1468864468864469,0.14808934926986694,0.3428401052951813,0.5241721272468567,0.6758153069671146,0.9028100967407227,0.0,0.1468864468864469,0.5033668279647827,0.391,0.49802554983858127,4.349284648895264,-1.4751114179395324,26.516328811645508,7.422194957733154,3.1764607429504395,-1.5409760125644876,27.799406051635742,6.56779670715332,0.17851343980319145,0.03886216819729884,268.4277098337765,1.282435417266878,0.8013150095939636,13.89675521850586,0.9513458609580994,-1.1728239059448242,-0.0658645946249552,1.2830772399902344
covid_covid,shenzhen,0.7444316877152698,0.756209266777705,0.6394948335246843,0.2911147390371188,0.8721010332950632,0.8771877490133707,0.8034443168771528,0.999507324509596,0,0.21377825736999512,0.23206083476543427,0.9100903868675232,0.12810774147510529,0.7053364269141531,0.2877030162412993,0.3006035387516022,0.38056114315986633,0.3231845200061798,1.0616588197831902,0.6213378310203552,0.0,0.2877030162412993,0.3273693919181824,0.9698375870069605,0.5746023698379774,5.976402282714844,-1.469068976074016,17.774145126342773,3.9575064182281494,3.1764607429504395,-1.5409760125644876,27.799406051635742,6.56779670715332,0.3307549296154063,0.07586491175063584,237.85484061966386,1.960991434731865,0.917940616607666,8.302610397338867,0.639371395111084,-2.7999415397644043,-0.07190703649047148,10.025260925292969
covid_covid,nih_pa,0.5991107684860654,0.5275655174133049,0.5157946162051686,0.3919261941003119,0.6350834102745682,0.5607558918028936,0.5910789999731079,0.999507324509596,0,0.02944283001124859,0.1060137152671814,0.9884878993034363,0.05383971333503723,0.9660018132366274,0.019492293744333637,0.02294965088367462,0.11807693541049957,0.3609299063682556,0.745916704020305,0.08008114993572235,0.0,0.019492293744333637,0.31285572052001953,0.988,0.6030922461017804,6.387001037597656,-1.4715582264583038,26.46003532409668,7.297443866729736,3.1764607429504395,-1.5409760125644876,27.799406051635742,6.56779670715332,0.28135683280022117,0.07759230264161444,479.0562146015245,1.5350090060969754,0.7345125675201416,17.266956329345703,0.9530422687530518,-3.210540294647217,-0.06941778610618377,1.3393707275390625
covid_covid,nih_ap,0.6094253298044767,0.6018459142688779,0.5109353521675797,0.48406822962369844,0.6438727149627623,0.6284530746414543,0.6236638558913441,0.999507324509596,0,0.05392933636903763,0.13610269129276276,0.9795512557029724,0.0682860016822815,0.9409312022237665,0.03891591382904795,0.04391681030392647,0.163157656788826,0.328530877828598,0.8377299865176248,0.13220207393169403,0.0,0.03891591382904795,0.3006923198699951,0.9715079916608756,0.6137323392498316,6.784553527832031,-1.4397127397589997,24.51039695739746,6.773433208465576,3.1764607429504395,-1.5409760125644876,27.799406051635742,6.56779670715332,0.3874512968519528,0.07979961946204675,456.4905691616432,1.7999873516453397,0.7278687357902527,16.2777042388916,0.8816878199577332,-3.608092784881592,-0.10126327280548786,3.2890090942382812
covid_covid,indiana,0.5737973550473551,0.7003502200994045,0.5622689997689998,0.4173257139702001,0.6809814622314623,0.7701783158852553,0.626934626934627,0.999507324509596,0,0.17693063616752625,0.22446860373020172,0.9262009263038635,0.12014292180538177,0.7541313986295849,0.39177750906892383,0.39360901713371277,0.42984017729759216,0.353834331035614,0.999666809147863,0.7991315126419067,0.0,0.39177750906892383,0.36831367015838623,0.97,0.5283398911985902,4.982515335083008,-1.3638527432547327,18.972820281982422,5.314042091369629,3.1764607429504395,-1.5409760125644876,27.799406051635742,6.56779670715332,0.22205512674043215,0.057327062479582296,154.55055591947868,1.8100217130088327,0.9552114605903625,6.5968708992004395,0.6842932105064392,-1.8060545921325684,-0.17712326930975486,8.82658576965332
tb_qatar,kermany_peds,0.7417890172872588,0.8994335175613501,0.5365135190457582,0.6459349532076275,0.9865646923091237,0.9944744852044911,0.9424886953609111,1.0,0,0.0640731006860733,0.15384382009506226,0.9741029739379883,0.07994050532579422,0.9220231822971549,0.05637513171759747,0.06504406780004501,0.20488393306732178,0.4635736048221588,0.8308474708187742,0.30045485496520996,0.0,0.05637513171759747,0.36259761452674866,0.391,0.6691318786490476,13.069499969482422,-1.3442606209814203,17.1170711517334,2.8803882598876953,2.055492639541626,-1.4711379715479063,25.019386291503906,15.23048210144043,0.19834657822890933,0.17798842860845024,379.4421471592921,1.9675077822515479,0.9137564897537231,7.75693416595459,0.6833208203315735,-11.014007329940796,-0.12687735056648597,7.902315139770508
tb_qatar,covid_viral,0.8948400169125763,0.8347270574496273,0.6312317077858253,0.1930972936830967,0.9971556121748584,0.9943445347591799,0.9788400608413458,1.0,0,0.05630388483405113,0.14811153709888458,0.9766795039176941,0.0777023509144783,0.927479674796748,0.07186991869918699,0.07498737424612045,0.22940219938755035,0.4837152361869812,0.7654416443974337,0.41647544503211975,0.0,0.07186991869918699,0.42570364475250244,0.30299999999999994,0.6428787291027389,12.478745460510254,-1.352754439945502,17.385414123535156,2.7999794483184814,2.055492639541626,-1.4711379715479063,25.019386291503906,15.23048210144043,0.0496914767953065,0.17444234938016603,347.2036267522995,1.3699714006647414,0.933452844619751,6.96640157699585,0.6949602365493774,-10.423252820968628,-0.11838353160240422,7.63397216796875
tb_qatar,covid_opacity,0.5048476897478561,0.6721671757873854,0.5000923017849935,0.635115774792443,0.9334208764485228,0.9613826752143181,0.8678903011745709,1.0,0,0.012752865441143513,0.05182993784546852,0.9965935349464417,0.022843722254037857,0.9926,0.002,0.004626485984772444,0.04161817952990532,0.47229209542274475,0.7835737667721143,0.011197236366569996,0.0,0.002,0.18313921988010406,0.673,0.8021946975083785,27.603784561157227,-1.3327636134904128,18.149070739746094,2.9513602256774902,2.055492639541626,-1.4711379715479063,25.019386291503906,15.23048210144043,0.07784589375199069,0.18926254306336776,461.5454980647427,1.5349808986421754,0.8928005695343018,8.437138557434082,0.7247686386108398,-25.5482919216156,-0.13837435805749343,6.8703155517578125
tb_qatar,covid_covid,0.8374332414614694,0.8826520782703413,0.5850622406639004,0.3990510268146734,0.9924483346962676,0.9934107763798323,0.9528990116202765,1.0,0,0.0782725140452385,0.16474054753780365,0.9689874649047852,0.08425810933113098,0.9019008083897749,0.0784356565435875,0.08618464320898056,0.23623184859752655,0.46113094687461853,0.9308850950770536,0.3644193112850189,0.0,0.0784356565435875,0.3167496919631958,0.56,0.6892949530521727,12.471515655517578,-1.360731514702097,16.860687255859375,3.742652654647827,2.055492639541626,-1.4711379715479063,25.019386291503906,15.23048210144043,0.07970722303087718,0.1711328765768566,329.852164061165,1.40000890069402,0.9405859708786011,6.906533241271973,0.6750147342681885,-10.416023015975952,-0.11040645684580919,8.158699035644531
tb_qatar,tb_qatar,1.0,1.0,1.0,1.179640509114995e-05,1.0,1.0,1.0,1.0,0,0.0014519253745675087,0.004583603702485561,0.9998164176940918,0.0008626244962215424,1.0,0.16666666666666666,0.16683468222618103,0.3725830018520355,0.7931084036827087,0.45911512196057613,4.104362964630127,0.0,0.16666666666666666,0.7917122840881348,0.334,0.19587504631356345,2.055492639541626,-1.4711379715479063,25.019386291503906,15.23048210144043,2.055492639541626,-1.4711379715479063,25.019386291503906,15.23048210144043,0.0015650618865163946,3.592579822424e-05,0.12023681383852672,0.0,0.9999353885650635,0.2143532931804657,0.9964883923530579,0.0,0.0,0.0
tb_qatar,shenzhen,0.22525832376578644,0.36649996189763134,0.5,0.5074405240625156,0.8969001148105625,0.9049988386153293,0.8183696900114811,1.0,0,0.009793383069336414,0.04975789040327072,0.9971070885658264,0.02430243045091629,0.9930394431554525,0.0,0.002892956603318453,0.02430243045091629,,,,1.0,0.0,0.20515555143356323,0.988399071925754,0.7459562872100487,18.409439086914062,-1.5070992912955417,18.15260124206543,2.5462093353271484,2.055492639541626,-1.4711379715479063,25.019386291503906,15.23048210144043,0.1861780857060059,0.18936978037193603,486.3521962849568,1.9577473146994246,0.8673354387283325,9.396224021911621,0.7255414128303528,-16.353946447372437,0.03596131974763539,6.866785049438477
tb_qatar,nih_pa,0.5454341726650949,0.4433716137406327,0.5,0.4136896423375766,0.6221572828240273,0.5230078586794922,0.5845038859058598,1.0,0,0.006102132145315409,0.033878590911626816,0.9984386563301086,0.017145570367574692,0.9972801450589301,0.0013599274705349048,0.002101316349580884,0.028843069449067116,,,,1.0,0.0013599274705349048,0.13761767745018005,0.8740000000000001,0.8472909870235322,33.01888656616211,-1.3542534981261825,17.889856338500977,2.215714931488037,2.055492639541626,-1.4711379715479063,25.019386291503906,15.23048210144043,0.029475794159380397,0.19083602728175672,484.0558929188769,0.6175020436461924,0.8871563673019409,8.647082328796387,0.7144054174423218,-30.963393926620483,-0.11688447342172381,7.12952995300293
tb_qatar,nih_ap,0.5179622904741388,0.5514633729967555,0.5021645021645021,0.5175626650195029,0.6097741121437803,0.6318521416367855,0.5750189778625798,1.0,0,0.007417625747621059,0.04040288180112839,0.9980032444000244,0.018043573945760727,0.995135510771369,0.0020847810979847115,0.0033869831822812557,0.04133197292685509,,,,1.0,0.0020847810979847115,0.20270781219005585,0.886726893676164,0.7482764273110337,23.41742515563965,-1.356114842530776,19.916576385498047,3.5886688232421875,2.055492639541626,-1.4711379715479063,25.019386291503906,15.23048210144043,0.15147982984445074,0.18961661958225834,500.5071441016978,1.6624669444620115,0.8593469262123108,10.019102096557617,0.7960457801818848,-21.361932516098022,-0.11502312901713019,5.102809906005859
tb_qatar,indiana,0.5092327904827905,0.6432082197353473,0.5042735042735043,0.6046461427388998,0.6843598406098406,0.7602927079793258,0.6188351813351813,1.0,0,0.008390886709094048,0.04435800015926361,0.9977259635925293,0.018640555441379547,0.9943571140669085,0.0028214429665457475,0.004080712795257568,0.046289633959531784,,,,1.0,0.0028214429665457475,0.15348544716835022,0.984,0.8145033948995879,25.365936279296875,-1.3750702623082278,18.19892120361328,2.7991981506347656,2.055492639541626,-1.4711379715479063,25.019386291503906,15.23048210144043,0.04680180156500324,0.18989875956691937,481.1348261588018,1.6699903731967312,0.8770810961723328,9.037004470825195,0.7281078100204468,-23.31044363975525,-0.09606770923967844,6.820465087890625
shenzhen,kermany_peds,0.5287593740114256,0.7831907688376285,0.531291985336534,0.36802385510814123,0.9754182251251419,0.9895520480915778,0.9184093488900054,0.9524684270952928,0,0.41176003217697144,0.2129601538181305,0.8099600672721863,0.14677444100379944,0.3695995785036881,0.47154899894625923,0.4742463529109955,0.3419864773750305,0.11199389398097992,2.595475141716591,0.14429710805416107,0.0,0.47154899894625923,0.11582154035568237,0.955,0.8688410432126188,72.84815979003906,-1.1031788840872951,19.985347747802734,2.0250844955444336,10.747537612915039,-1.2801530879587644,25.059019088745117,3.769437789916992,0.25068311180825187,0.014512213657039422,149.37466770460972,1.9675271497240523,0.9287912845611572,7.673932075500488,0.7979894876480103,-62.10062217712402,-0.17697420387146923,5.073671340942383
shenzhen,covid_viral,0.7300302559399933,0.4914143252129538,0.6632530352034176,0.24575264918253756,0.9974740957537352,0.995266700733395,0.9788647707741897,0.9524684270952928,0,0.39054855704307556,0.22406692802906036,0.8201287984848022,0.14941014349460602,0.41365853658536583,0.4383739837398374,0.44699323177337646,0.34927937388420105,0.11179690808057785,2.6181607860312095,0.14082388579845428,0.0,0.4383739837398374,0.12719732522964478,0.99,0.8581349054233225,70.02275848388672,-1.0878285394885308,19.558868408203125,2.0157113075256348,10.747537612915039,-1.2801530879587644,25.059019088745117,3.769437789916992,0.18440212254571686,0.013888888864955469,116.77728054169039,1.935022649496568,0.9643982648849487,6.061593055725098,0.7797995209693909,-59.27522087097168,-0.19232454847023361,5.500150680541992
shenzhen,covid_opacity,0.6462983292146225,0.7650285334921696,0.5964258287469602,0.30639116415525497,0.9380445805314614,0.9656578588501401,0.8630819935216454,0.9524684270952928,0,0.366225928068161,0.23126523196697235,0.8330530524253845,0.14955608546733856,0.463,0.4926,0.49821141362190247,0.36508649587631226,0.11588602513074875,2.5045915080269157,0.15514208376407623,0.0,0.4926,0.1321934014558792,0.8140000000000001,0.8595126191130859,70.12677764892578,-1.0770763029205754,20.68132781982422,2.601287841796875,10.747537612915039,-1.2801530879587644,25.059019088745117,3.769437789916992,0.17906648917183443,0.012819786004678993,113.66430646970053,1.9707475322928416,0.949947714805603,6.554092884063721,0.8256490230560303,-59.37924003601074,-0.20307678503818893,4.377691268920898
shenzhen,covid_covid,0.6519752450757691,0.6953971859204913,0.6052478016375402,0.2990023972161632,0.982936063240149,0.9848507029200303,0.9366861515784798,0.9524684270952928,0,0.3615745007991791,0.23271743953227997,0.8358026742935181,0.14859314262866974,0.46405942757264584,0.4800087393489185,0.48885610699653625,0.36704111099243164,0.12222924083471298,2.433381797402901,0.16350437700748444,0.0,0.4800087393489185,0.13841500878334045,0.808,0.8525472056581949,66.47589111328125,-1.0872570286848906,20.293710708618164,2.6272294521331787,10.747537612915039,-1.2801530879587644,25.059019088745117,3.769437789916992,0.1691175353395281,0.012522968417076868,102.93559033617724,1.9577789646509607,0.9625466465950012,5.999719142913818,0.8068947792053223,-55.72835350036621,-0.19289605927387377,4.765308380126953
shenzhen,tb_qatar,0.7126326530612245,0.3131327162700427,0.6421428571428571,0.22766645638296915,0.999234693877551,0.9963805292276984,0.9757142857142858,0.9524684270952928,0,0.3554612398147583,0.22972166538238525,0.8406489491462708,0.14633074402809143,0.4772893772893773,0.3395604395604396,0.36165279150009155,0.3439687490463257,0.12417420744895935,2.6015097162301526,0.13025209307670593,0.0,0.3395604395604396,0.11486522108316422,0.95,0.8751779374964797,71.23312377929688,-1.0934360047440623,20.052324295043945,2.158092737197876,10.747537612915039,-1.2801530879587644,25.059019088745117,3.769437789916992,0.17059789437111883,0.013418826264633798,109.72508653318796,1.948022867089985,0.9642389416694641,5.9024529457092285,0.8003798723220825,-60.485586166381836,-0.18671708321470204,5.006694793701172
shenzhen,shenzhen,0.9524684270952928,0.9530940038332736,0.9016073478760046,0.08120148951012608,0.9536165327210102,0.9551429473017695,0.9013777267508611,0.9524684270952928,0,0.032698456197977066,0.06765259802341461,0.9923394322395325,0.022584114223718643,0.9860788863109049,0.5104408352668214,0.5082018971443176,0.4927889108657837,0.4470721185207367,0.9014806801490381,1.1526070833206177,0.0,0.4895591647331787,0.4470721185207367,0.9791183294663574,0.46455280843784497,10.747537612915039,-1.2801530879587644,25.059019088745117,3.769437789916992,10.747537612915039,-1.2801530879587644,25.059019088745117,3.769437789916992,0.0,0.0,-2.9531932455029164e-14,0.0,1.0000001192092896,0.0,1.0,0.0,0.0,0.0
shenzhen,nih_pa,0.5790851313678209,0.48042264334140233,0.5454162446103785,0.32828421764095456,0.6538809756447378,0.5566630447933607,0.6111718672965389,0.9524684270952928,0,0.3531877100467682,0.23181629180908203,0.8413422703742981,0.14682576060295105,0.47098821396192203,0.37307343608340887,0.39281782507896423,0.35578688979148865,0.14278291165828705,2.271871376977575,0.17946958541870117,0.0,0.37307343608340887,0.13579808175563812,0.8759999999999999,0.8470410675061051,68.50255584716797,-1.07407649759819,19.835599899291992,1.923915147781372,10.747537612915039,-1.2801530879587644,25.059019088745117,3.769437789916992,0.18665662959923857,0.012965575862305307,103.33112371049384,1.9350384744723357,0.9640399813652039,5.8977203369140625,0.7912592887878418,-57.75501823425293,-0.20607659036057435,5.223419189453125
shenzhen,nih_ap,0.5980796454730104,0.6134918328229868,0.5588211156931536,0.3291019866956603,0.6077224513243471,0.6423752268159539,0.5660634783857532,0.9524684270952928,0,0.3592216372489929,0.22918015718460083,0.8379230499267578,0.1481645107269287,0.47046560111188324,0.38151494093120225,0.4090266525745392,0.35758712887763977,0.12129110842943192,2.54447340999734,0.14457853138446808,0.0,0.38151494093120225,0.12109051644802094,0.8339124391938847,0.8705296667122557,76.2939224243164,-1.0928674861573069,21.786598205566406,2.2778544425964355,10.747537612915039,-1.2801530879587644,25.059019088745117,3.769437789916992,0.2063099683462558,0.013255666042100853,135.60530824749327,1.9967479674796746,0.9297889471054077,7.515777587890625,0.8694114685058594,-65.54638481140137,-0.18728560180145748,3.272420883178711
shenzhen,indiana,0.6214050589050589,0.7153441919730628,0.5441932316932317,0.422084214781367,0.645335239085239,0.7406045774935687,0.5900179025179025,0.9524684270952928,0,0.25815603137016296,0.23438969254493713,0.8896068930625916,0.13734504580497742,0.6461104393389763,0.23256751309955664,0.25861379504203796,0.33524608612060547,0.18143850564956665,2.0170628758340214,0.178644597530365,0.0,0.23256751309955664,0.1520850658416748,0.756,0.8386276948891638,64.08104705810547,-1.0746794128002986,21.55802345275879,2.254578113555908,10.747537612915039,-1.2801530879587644,25.059019088745117,3.769437789916992,0.14325125322860455,0.011582892113787354,94.02354291130175,1.8733210689771127,0.9559534788131714,6.0224103927612305,0.8607202768325806,-53.33350944519043,-0.20547367515846582,3.500995635986328
nih_pa,kermany_peds,0.6013621392284932,0.798928993652813,0.5397495301364,0.23493819636718477,0.9771785853849159,0.990464203447204,0.9220975455442044,0.7007807667829002,0,0.2360062301158905,0.22209475934505463,0.9039032459259033,0.1260891705751419,0.6883561643835616,0.910168598524763,0.8595256805419922,0.22310909628868103,0.11648460477590561,2.2371462301983267,0.060850758105516434,0.0,0.08983140147523709,0.10072731226682663,0.972,0.8856733096416655,70.50703430175781,-1.137525167201818,24.067581176757812,3.1423211097717285,26.70113754272461,-1.1428989280954476,24.041440963745117,3.4754457473754883,0.1943325187271855,0.0032932877005053063,124.52368694635379,1.9849999882885605,0.9074984192848206,9.115557670593262,1.0004650354385376,-43.8058967590332,-0.005373760893629509,-0.026140213012695312
nih_pa,covid_viral,0.8904471399625508,0.7453782215297436,0.8107823164738377,0.2041777127930691,0.9973917293109223,0.9938253758107393,0.973288562595751,0.7007807667829002,0,0.2778856158256531,0.23378637433052063,0.8802168965339661,0.14043906331062317,0.6175609756097561,0.5336585365853659,0.5336663126945496,0.40392398834228516,0.19281594455242157,1.7802066573154496,0.30225470662117004,0.0,0.46634146341463417,0.21464130282402039,0.845,0.756085317236252,44.39616394042969,-1.1174681162511573,22.583209991455078,2.989170789718628,26.70113754272461,-1.1428989280954476,24.041440963745117,3.4754457473754883,0.03263087292350075,0.0016617158521251654,27.864803294964382,1.2200274984599457,0.9873173832893372,3.314476490020752,0.9445124864578247,-17.695026397705078,-0.025430811844290302,1.458230972290039
nih_pa,covid_opacity,0.7693341472299619,0.821275591387779,0.7154877472457147,0.20169106085015107,0.9407508688674693,0.9648511569902829,0.8731601177524638,0.7007807667829002,0,0.3186871111392975,0.23658423125743866,0.8585708737373352,0.14634889364242554,0.5432,0.625,0.6104419231414795,0.3712056577205658,0.1406744420528412,2.131886792536537,0.19647672772407532,0.0,0.375,0.14043079316616058,0.881,0.8350357013565303,62.92829132080078,-1.1001041292667513,22.552581787109375,3.0627923011779785,26.70113754272461,-1.1428989280954476,24.041440963745117,3.4754457473754883,0.05515490830429359,0.0019400889040725067,32.84120000498463,1.1125071146994965,0.9809683561325073,3.99678897857666,0.9390881657600403,-36.22715377807617,-0.0427947988286963,1.4888591766357422
nih_pa,covid_covid,0.7491302460348709,0.7526301760946703,0.6823949278654431,0.24202192434186867,0.9725293030862888,0.9765492934030091,0.9118292596743092,0.7007807667829002,0,0.30153778195381165,0.23405496776103973,0.8688708543777466,0.14198677241802216,0.5787633821280315,0.5610662005680577,0.5542072653770447,0.3915194869041443,0.15388506650924683,2.035438697948353,0.22754816710948944,0.0,0.43893379943194233,0.1609976589679718,0.996,0.8096282476926421,53.287960052490234,-1.1178981746245447,22.17950439453125,3.065272808074951,26.70113754272461,-1.1428989280954476,24.041440963745117,3.4754457473754883,0.03422741355665326,0.0015971084849290657,24.257587069098932,1.1699962289164811,0.9893466830253601,3.188753604888916,0.9237171411514282,-26.586822509765625,-0.025000753470902914,1.8619365692138672
nih_pa,tb_qatar,0.8227040816326531,0.5728013226642903,0.7414285714285714,0.20590040009886398,0.999295918367347,0.9967067202527713,0.9807142857142856,0.7007807667829002,0,0.30516767501831055,0.2340312898159027,0.8671404719352722,0.142061248421669,0.5663003663003663,0.3505494505494505,0.3802614212036133,0.37501487135887146,0.17188051342964172,2.081888374288565,0.211603581905365,0.0,0.3505494505494505,0.19124069809913635,0.566,0.8274902827572006,50.441104888916016,-1.1257184428151705,22.544153213500977,3.0992748737335205,26.70113754272461,-1.1428989280954476,24.041440963745117,3.4754457473754883,0.021602718596001935,0.0021728686905273203,23.648652277446878,0.6525145631750182,0.9968305230140686,1.8545153141021729,0.9381812810897827,-23.739967346191406,-0.017180485280277047,1.4972877502441406
nih_pa,shenzhen,0.722617680826636,0.7441983683797897,0.647187141216992,0.2753245749772565,0.8819747416762342,0.8891248059982099,0.7799081515499426,0.7007807667829002,0,0.26896053552627563,0.2316988855600357,0.8866495490074158,0.13359606266021729,0.6032482598607889,0.2552204176334107,0.2856196165084839,0.3484061360359192,0.19922016561031342,1.7232190052137673,0.2472744733095169,0.0,0.2552204176334107,0.20566339790821075,0.8955916473317865,0.7590396875004274,32.31101989746094,-1.2579219919415296,23.469675064086914,2.771951913833618,26.70113754272461,-1.1428989280954476,24.041440963745117,3.4754457473754883,0.11501420289754294,0.0024290401682347533,71.17573128012417,1.9220066069273831,0.9525113105773926,6.402477264404297,0.97621750831604,-5.609882354736328,0.11502306384608207,0.5717658996582031
nih_pa,nih_pa,0.7007807667829002,0.6057419329235618,0.6419991573814283,0.2590490765741179,0.6858198051220452,0.5804132659267718,0.6242055630753784,0.7007807667829002,0,0.10233747214078903,0.12715347111225128,0.9701958298683167,0.05937176197767258,0.9320036264732547,0.41160471441523117,0.4178818464279175,0.46676090359687805,0.328432559967041,1.2495478987275144,0.6093993186950684,0.0,0.41160471441523117,0.32876068353652954,0.824,0.6209629022135829,26.70113754272461,-1.1428989280954476,24.041440963745117,3.4754457473754883,26.70113754272461,-1.1428989280954476,24.041440963745117,3.4754457473754883,0.000991825103780264,1.240129604091939e-06,0.03974023744577393,0.0,0.9999951124191284,0.06450330466032028,1.0000275373458862,0.0,0.0,0.0
nih_pa,nih_ap,0.660963049588642,0.6526324324546146,0.6194682095156029,0.28356860361749836,0.6030446646560391,0.5899084610070208,0.5822408239469851,0.7007807667829002,0,0.3647864758968353,0.22998280823230743,0.8351343870162964,0.14702588319778442,0.45170257123002083,0.6170952050034746,0.599755048751831,0.3521088659763336,0.10653716325759888,2.523478942626671,0.14278781414031982,0.0,0.38290479499652535,0.11629294604063034,0.9339819318971507,0.8662775901650077,68.73066711425781,-1.107452885480752,22.984027862548828,3.109591484069824,26.70113754272461,-1.1428989280954476,24.041440963745117,3.4754457473754883,0.0887830538486365,0.0026260652441785154,52.65363236109029,1.8974967969212968,0.9691009521484375,5.077304840087891,0.9560170769691467,-42.0295295715332,-0.03544604261469564,1.057413101196289
nih_pa,indiana,0.6930728805728805,0.766764602227396,0.5950999075999076,0.3680267115730854,0.6829738392238391,0.7715909117886877,0.6254186879186879,0.7007807667829002,0,0.2813791334629059,0.23818984627723694,0.8777027726173401,0.14104975759983063,0.6054010479645304,0.26440951229343007,0.2844974398612976,0.3407536745071411,0.15452146530151367,2.037747393504123,0.18171048164367676,0.0,0.26440951229343007,0.14978435635566711,0.9730000000000001,0.81911032444798,50.513916015625,-1.1401649223079815,23.99954605102539,3.3551571369171143,26.70113754272461,-1.1428989280954476,24.041440963745117,3.4754457473754883,0.05498837696612324,0.002131439333640062,39.089261354204794,1.5049996135224966,0.9786624908447266,4.401568412780762,0.9969112277030945,-23.81277847290039,-0.002734005787466076,0.04189491271972656
nih_ap,kermany_peds,0.584841548968161,0.7878483768193183,0.5544278829155734,0.28150187237402235,0.9822959117214686,0.9922095903399462,0.9322075215392918,0.7072074844586693,0,0.4724024534225464,0.19438427686691284,0.7709255814552307,0.14536330103874207,0.2565858798735511,0.5803477344573235,0.5642995238304138,0.30066052079200745,0.059252701699733734,3.7270942532771936,0.06865487992763519,0.0,0.4196522655426765,0.09073857218027115,0.914,0.9045721034298608,85.71720886230469,-1.0856007213265908,21.10379409790039,2.118778705596924,37.98394775390625,-1.0841343902998741,24.686805725097656,3.4155285358428955,0.16044871153201778,0.005158950191861578,112.8744217424438,1.979996861334214,0.9387292265892029,6.981528282165527,0.8553739190101624,-47.73326110839844,0.0014663310267166718,3.5830116271972656
nih_ap,covid_viral,0.7964725198091295,0.5451457313983394,0.6818019581249004,0.18418111627980194,0.9986052615683669,0.9970208417036294,0.9743840362851637,0.7072074844586693,0,0.3714698851108551,0.2326909601688385,0.8292202353477478,0.150865837931633,0.4429268292682927,0.34308943089430893,0.36507946252822876,0.33606982231140137,0.10499639809131622,2.594969644335665,0.12925100326538086,0.0,0.34308943089430893,0.1359311193227768,0.942,0.8479871835026584,72.13333892822266,-1.0800286177983285,22.069843292236328,2.931370735168457,37.98394775390625,-1.0841343902998741,24.686805725097656,3.4155285358428955,0.09601670899708359,0.0037854414365014535,71.54398786221411,1.5824590743746678,0.9625759720802307,5.490447998046875,0.8937768936157227,-34.149391174316406,-0.004105772501545646,2.616962432861328
nih_ap,covid_opacity,0.8433577174137777,0.8978327155694723,0.7739196999084366,0.16702076012267716,0.9503797910779864,0.9714381445106933,0.8810636119288365,0.7072074844586693,0,0.3295043110847473,0.23489955067634583,0.8530703186988831,0.14725390076637268,0.5284,0.584,0.5711187124252319,0.37587833404541016,0.1253231167793274,2.4213276778055217,0.16215837001800537,0.0,0.416,0.13413769006729126,0.798,0.8522839940643263,74.19551086425781,-1.0501535527631458,22.26462173461914,2.7299623489379883,37.98394775390625,-1.0841343902998741,24.686805725097656,3.4155285358428955,0.043422466699420625,0.0027732521303235774,32.323704408510594,1.1475571108347213,0.989335298538208,3.1178479194641113,0.9029827117919922,-36.21156311035156,-0.033980837536728314,2.4221839904785156
nih_ap,covid_covid,0.6797387204571381,0.70318732761979,0.625951277624658,0.27902684000792094,0.9725959354272041,0.9751604592227601,0.9169387487254042,0.7072074844586693,0,0.35185980796813965,0.23375211656093597,0.8407773971557617,0.14904488623142242,0.48350447891632076,0.3869346733668342,0.4005001485347748,0.3583899736404419,0.10574930906295776,2.6646258810967063,0.13043873012065887,0.0,0.3869346733668342,0.11744824796915054,0.9279999999999999,0.865658658964027,76.47410583496094,-1.0678366061595352,22.134061813354492,2.885342836380005,37.98394775390625,-1.0841343902998741,24.686805725097656,3.4155285358428955,0.07277146243950305,0.0031592579066354034,49.909392824745744,1.6599841192880382,0.9752598404884338,4.542835235595703,0.8968697786331177,-38.49015808105469,-0.01629778414033889,2.552743911743164
nih_ap,tb_qatar,0.7133163265306122,0.3123960373524365,0.62,0.1769730629141801,0.9973775510204081,0.989790067547465,0.9657142857142857,0.7072074844586693,0,0.3251160979270935,0.23794254660606384,0.8540747165679932,0.14905883371829987,0.5340659340659341,0.21428571428571427,0.2593139708042145,0.29942891001701355,0.09811118245124817,2.8709735641646845,0.07981093972921371,0.0,0.21428571428571427,0.0976727306842804,0.9470000000000001,0.8890274260164208,81.8023452758789,-1.0820903534487631,22.979690551757812,2.941683292388916,37.98394775390625,-1.0841343902998741,24.686805725097656,3.4155285358428955,0.1028027729627159,0.0037645148301195626,73.22677353045134,1.5350277444001752,0.9582348465919495,5.814383506774902,0.9314103722572327,-43.818397521972656,-0.0020440368511109863,1.7071151733398438
nih_ap,shenzhen,0.6691159586681974,0.6801034864789708,0.6159586681974742,0.26671804461756377,0.8780711825487945,0.8847044824749587,0.773593570608496,0.7072074844586693,0,0.44524672627449036,0.19307616353034973,0.792931079864502,0.14171111583709717,0.2877030162412993,0.37587006960556846,0.41704586148262024,0.3146573603153229,0.1123417541384697,2.7211205009952644,0.12646739184856415,0.0,0.37587006960556846,0.13030140101909637,0.765661252900232,0.8728721648486933,60.16889190673828,-1.2456141139555914,21.803627014160156,2.3490986824035645,37.98394775390625,-1.0841343902998741,24.686805725097656,3.4155285358428955,0.23958649036692126,0.005013155303677402,141.51893830046123,1.9902439024390244,0.9105547666549683,8.49107837677002,0.8832097053527832,-22.18494415283203,0.16147972365571728,2.8831787109375
nih_ap,nih_pa,0.6490852210080945,0.5550339308388136,0.5949962799286463,0.27814861115187506,0.6094373280027251,0.5049994466259353,0.5659707593427575,0.7072074844586693,0,0.3246331810951233,0.23124048113822937,0.8575173020362854,0.1437055766582489,0.5326382592928377,0.3204895738893926,0.34828630089759827,0.35419324040412903,0.1308419555425644,2.4077121231342837,0.14865294098854065,0.0,0.3204895738893926,0.12404705584049225,0.835,0.8642803550734454,75.06851959228516,-1.0748217950292243,22.71877670288086,2.61051607131958,37.98394775390625,-1.0841343902998741,24.686805725097656,3.4155285358428955,0.10336234632741226,0.0033332148201309967,64.82432350420522,1.910009298882963,0.9632276296615601,5.446579933166504,0.9201377034187317,-37.084571838378906,-0.00931259527064987,1.9680290222167969
nih_ap,nih_ap,0.7072074844586693,0.6842126487662369,0.6496378818653701,0.26259085194715026,0.700231837672596,0.6736447344081072,0.6716932356742784,0.7072074844586693,0,0.07369954884052277,0.09954045712947845,0.9806327223777771,0.04457893967628479,0.9701181375955524,0.5218902015288395,0.5197734236717224,0.48229044675827026,0.284595787525177,1.4084507689766275,0.4926503896713257,0.0,0.47810979847116053,0.2851208448410034,0.9492703266157053,0.6696100258517046,37.98394775390625,-1.0841343902998741,24.686805725097656,3.4155285358428955,37.98394775390625,-1.0841343902998741,24.686805725097656,3.4155285358428955,0.0005636299485238805,0.0,-7.4495964952348e-14,0.0,1.0,0.0,1.0,0.0,0.0,0.0
nih_ap,indiana,0.6437110187110187,0.7403930283444531,0.5961682836682837,0.3593560716913839,0.6962058212058211,0.7839957047401334,0.6271078771078771,0.7072074844586693,0,0.35750797390937805,0.23002709448337555,0.838851809501648,0.14770707488059998,0.4619105199516324,0.2591696896412737,0.2990533709526062,0.3102553188800812,0.0982838124036789,2.7209740048490323,0.10060957819223404,0.0,0.2591696896412737,0.0969967469573021,0.944,0.889507277011129,82.71180725097656,-1.092961408100819,22.22426986694336,2.5399701595306396,37.98394775390625,-1.0841343902998741,24.686805725097656,3.4155285358428955,0.1436296310814048,0.0039699910698731,88.1888439640882,1.9300077529729491,0.9421088695526123,6.7984161376953125,0.8999042510986328,-44.72785949707031,0.008827017800944859,2.462535858154297
indiana,kermany_peds,0.7715625523362921,0.8925969981345085,0.7039561584696403,0.2362434817309525,0.9813096633729693,0.9914211753726963,0.9270306481326411,0.7387531762531762,0,0.31282877922058105,0.2355899214744568,0.8623217344284058,0.14444047212600708,0.54768177028451,0.5545310853530031,0.5429718494415283,0.38767707347869873,0.1958029568195343,1.7268858706509864,0.3167482018470764,0.0,0.44546891464699684,0.19890712201595306,0.9490000000000001,0.7570173606771513,36.605228424072266,-1.1892856328147667,22.07347297668457,2.526540994644165,16.487064361572266,-1.161571456059829,24.043659210205078,3.4440133571624756,0.2034224119360074,0.004283195179685706,106.89572832545093,1.972515593781694,0.9171068072319031,8.137475967407227,0.9178557395935059,-20.1181640625,0.027714176754937814,1.9701862335205078
indiana,covid_viral,0.5786352429535508,0.3411014423186331,0.5743796434082136,0.35377295790242363,0.997501551234673,0.9945020846838151,0.9743840362851637,0.7387531762531762,0,0.3140663504600525,0.23795805871486664,0.860563337802887,0.1463407725095749,0.5447154471544715,0.47447154471544717,0.48283252120018005,0.3887503147125244,0.16510559618473053,1.9869223157472304,0.24558992683887482,0.0,0.47447154471544717,0.17034246027469635,0.9870000000000001,0.7941977235291698,35.51338195800781,-1.150513091048224,21.58347511291504,2.736959934234619,16.487064361572266,-1.161571456059829,24.043659210205078,3.4440133571624756,0.07135660588606696,0.0036498929383374113,47.179428510959696,1.6949638467862638,0.9798315167427063,4.257396221160889,0.8983948826789856,-19.026317596435547,-0.011058365011604954,2.460184097290039
indiana,covid_opacity,0.901233397985606,0.9394705575178344,0.7343333103604446,0.15903693543374323,0.9500758105327413,0.9717384137204256,0.8782441000699033,0.7387531762531762,0,0.17253051698207855,0.22390252351760864,0.9267736077308655,0.12391688674688339,0.7674,0.7826,0.7751269936561584,0.348993182182312,0.24225008487701416,1.3286738028630896,0.33644285798072815,0.0,0.2174,0.24005304276943207,0.854,0.7054613057126574,29.31029510498047,-1.1560430863199438,23.876874923706055,3.9446609020233154,16.487064361572266,-1.161571456059829,24.043659210205078,3.4440133571624756,0.07085543170197706,0.0027432231097470287,58.414234322111625,1.6774482178702512,0.9581047296524048,5.961425304412842,0.9913533329963684,-12.823230743408203,-0.005528369739885131,0.16678428649902344
indiana,covid_covid,0.8348598196888473,0.8612240087866398,0.705181169296625,0.23271092928395387,0.9660962534451949,0.9695573378418634,0.8977678165793379,0.7387531762531762,0,0.22090725600719452,0.23802629113197327,0.9044209718704224,0.13505640625953674,0.6928118855145292,0.6810137644745466,0.6695221662521362,0.3912273049354553,0.21249619126319885,1.4900745349518554,0.3488938808441162,0.0,0.31898623552545335,0.24145494401454926,0.916,0.7050372064616784,27.695093154907227,-1.1551145564331946,23.097444534301758,3.832807779312134,16.487064361572266,-1.161571456059829,24.043659210205078,3.4440133571624756,0.0290404997808833,0.0018328260952353993,24.96869960543566,1.459985524660778,0.9874950647354126,3.223182439804077,0.9586743712425232,-11.208028793334961,-0.006456899626634316,0.9462146759033203
indiana,tb_qatar,0.7718163265306123,0.3947600853181994,0.6621428571428571,0.37670856733081226,0.9979183673469387,0.9935334650972323,0.985,0.7387531762531762,0,0.2843252718448639,0.23979885876178741,0.8758373856544495,0.14186963438987732,0.5948717948717949,0.5886446886446887,0.5770538449287415,0.3942631185054779,0.18772779405117035,1.7090626402423927,0.30479538440704346,0.0,0.41135531135531134,0.18580855429172516,0.923,0.7703008534189193,37.751773834228516,-1.1362645565443916,21.97466278076172,3.0545172691345215,16.487064361572266,-1.161571456059829,24.043659210205078,3.4440133571624756,0.04638001858598484,0.002831784184085993,28.0379392502584,1.5100308479316422,0.9920018315315247,2.764908790588379,0.9158754944801331,-21.26470947265625,-0.025306899515437298,2.0689964294433594
indiana,shenzhen,0.6029850746268657,0.6074681582323892,0.5462686567164179,0.345941488150129,0.919862227324914,0.9216084773796267,0.840987370838117,0.7387531762531762,0,0.32122093439102173,0.24548037350177765,0.8552368879318237,0.1477610170841217,0.5336426914153132,0.4779582366589327,0.4794652760028839,0.3841937780380249,0.20988379418849945,1.608547833464137,0.3694304823875427,0.0,0.4779582366589327,0.2167172133922577,0.9280742459396751,0.7234079442887673,23.845352172851562,-1.276254775605164,21.94029998779297,2.849804162979126,16.487064361572266,-1.161571456059829,24.043659210205078,3.4440133571624756,0.10824350821702222,0.0031592377802742897,47.037507851216276,1.9155183668625004,0.9711311459541321,4.851828098297119,0.9125191569328308,-7.358287811279297,0.11468331954533517,2.1033592224121094
indiana,nih_pa,0.6938874297444355,0.6076957243780815,0.639870200883853,0.3252543924544747,0.6505373934401248,0.552514365600278,0.6258459800819312,0.7387531762531762,0,0.2549479901790619,0.24057509005069733,0.8895012736320496,0.13841566443443298,0.6373526745240253,0.6169537624660019,0.611346960067749,0.39808544516563416,0.21832774579524994,1.5223870418840535,0.3777635097503662,0.0,0.3830462375339982,0.22746960818767548,0.954,0.7157920936372374,28.347999572753906,-1.1375014450975913,22.231069564819336,3.2014272212982178,16.487064361572266,-1.161571456059829,24.043659210205078,3.4440133571624756,0.041865762055079525,0.0018891618374514234,18.090101871082908,1.6225309357674385,0.9927448630332947,2.563032865524292,0.9257171154022217,-11.86093521118164,-0.024070010962237598,1.8125896453857422
indiana,nih_ap,0.6619478467819699,0.6251266416896801,0.5727313760489116,0.3675821358483221,0.6255924170616114,0.6421328841259916,0.5690486448780288,0.7387531762531762,0,0.14765341579914093,0.207831472158432,0.9397860169410706,0.11221496015787125,0.8095899930507297,0.9006254343293955,0.8805691003799438,0.24732783436775208,0.19290049374103546,1.4175715203367196,0.14653488993644714,0.0,0.09937456567060458,0.1848367154598236,0.9228630993745657,0.77510869375132,43.72502899169922,-1.1519706667044907,24.4547176361084,3.8204503059387207,16.487064361572266,-1.161571456059829,24.043659210205078,3.4440133571624756,0.13317116600261603,0.004430737518908071,103.86542101850247,1.9250093105944024,0.9260390996932983,8.298992156982422,1.0170962810516357,-27.237964630126953,-0.009600789355338257,-0.4110584259033203
indiana,indiana,0.7387531762531762,0.804792363295876,0.6825334950334951,0.24520912250747343,0.7327543890043889,0.8066127922974047,0.671503234003234,0.7387531762531762,0,0.0730961337685585,0.11147502064704895,0.979435920715332,0.05012790113687515,0.9572752922208787,0.611446997178557,0.6078956127166748,0.4698192775249481,0.3999214470386505,1.0040658983911845,0.8941958546638489,0.0,0.38855300282144295,0.3982686996459961,0.7809999999999999,0.5292364257979957,16.487064361572266,-1.161571456059829,24.043659210205078,3.4440133571624756,16.487064361572266,-1.161571456059829,24.043659210205078,3.4440133571624756,0.0008019462165342883,1.9870690340928303e-06,0.07016773214194277,0.0,0.9999904632568359,0.08959763497114182,1.0006343126296997,0.0,0.0,0.0
